id,title_short,Q1,Q1_evidencia,Q2,Q2_evidencia,Q3,Q3_evidencia,Q4,Q4_evidencia,puntuacion_total,es_antecedente_directo_sugerido
15,Tensor product splines and functional principal components,1,"Usa splines tensor-producto sin comparar con Fourier/wavelet; enfoque es en dirección de penalización, no elección de familia",2,"Reporta parámetros REML explícitos (alpha_s, alpha_t) para ambos datasets con valores numéricos concretos",2,Compara % varianza explicada entre 'square' y 'triangle' smoothing en 2 datasets reales y simulación de dispersión,0,"Compara dos direcciones de penalización dentro de splines, no distintas familias de bases (revisar: podría considerarse antecedente si se amplía definición)",5,no
20,Wavelet estimation of the dimensionality of curve time series,2,"Justifica wavelets por ventajas computacionales y compatibilidad con bootstrap, frente al método base de Bathia et al.",2,"Dimensión d estimada vía umbral de autovalores + test bootstrap (p=5, δ=3), reproducible",2,1000 réplicas comparando autovalores estimados vs verdaderos por tamaño muestral,0,"Solo compara variantes internas (con/sin agregación de datos) del propio método wavelet, no otras familias de base",6,no
31,Analyzing Electricity Demand in Colombia,1,Usa B-splines vía paquete R ftsa sin justificar la elección de familia de base,2,Parámetro de suavizado lambda elegido por validación cruzada generalizada (GCV); número de FPC elegido por MAPE en set de validación,1,"Reporta solo proporción de varianza explicada por componentes (~99%), sin otras métricas",0,No compara familias de bases; compara modelos de pronóstico ARIMA vs ARFIMA sobre los mismos scores,4,no
45,Analysis of a GPS Network Based on Functional Data Analysis,2,"Justifica explícitamente el criterio de elección de base: Fourier para funciones periódicas, splines para funciones suaves, wavelets para picos/rasgos locales",2,"Número de elementos K y parámetro de suavizado lambda obtenidos vía GCV (función min.basis del paquete fda.usc), completamente reproducible",2,"Calcula y reporta MSE por componente y estación para evaluar la calidad de la reconstrucción, más varianza explicada por FPCA (85%)",2,"Comparación sistemática y explícita entre bases de Fourier y P-splines mediante MSE en las tres componentes (E/N/U) y por estación, con conclusión explícita",8,si
58,Adaptive Generalized P-Splines for Functional Data: A Statistical Fram,2,"Justifica P-splines adaptativos con criterio de condicionamiento vs nudos fijos, argumento teorico (Tikhonov)",2,"Numero y posicion de nudos seleccionados adaptativamente, parametro de regularizacion via criterio propio",2,Evalua error de aproximacion y numero de condicion en experimentos sinteticos y reales,2,"Compara sistematicamente contra free-knot splines y smoothing splines tradicionales (misma familia B-spline, distinta estrategia)",8,si
72,Fast Bayesian basis selection for functional data representation with ,2,"Justifica su seleccion de base por manejo de errores correlacionados y velocidad (VEM vs MCMC), argumento teorico y empirico",2,"Metodo VEM detallado, codigo disponible en GitHub, altamente reproducible",2,Evalua R2 ajustado y recuperacion del conjunto correcto de bases en multiples escenarios simulados,2,"Compara sistematicamente contra regression splines, smoothing splines, LASSO y Bayesian LASSO en datos reales (motorcycle, LIDAR, clima canadiense)",8,si
74,Bayesian analysis of longitudinal and multidimensional functional data,2,"""usamos cubic b-splines...ya que los datos se ven suaves sin cambios abruptos"" - justificación empírica explícita",1,"reporta K splines y factores seleccionados minimizando DIC, pero valores numéricos concretos quedan como imagen no extraíble",2,"simulación compara DIC/BIC/AICc para elegir dimensión de base, más sensibilidad a K en datos reales",0,"compara modelo Bayesiano tensor-spline vs FPCA producto frecuentista (marcos distintos, no familias de base entre sí)",5,no
86,Recovering the underlying trajectory from sparse and irregular longitudinal data,2,"justifica base empírica óptima (SOAP) en vez del eigenbasis de PACE: evita inversión de covarianza, más estable",1,menciona dimensión L de la base pero no confirma valor final reportado en el texto leído,2,estudio de simulación comparativo de desempeño SOAP vs PACE,1,"compara SOAP vs PACE (dos enfoques de base empírica), no distintas familias clásicas",6,si
94,"Cross-Validation, Information Theory, or Maximum Likelihood?",1,Usa splines penalizados por marco teorico general (representer theorem); no compara contra otras familias de base,2,"r=20 nodos, paquete R npreg, metodo ss(), seis metodos de tuning reportados con detalle reproducible",2,"Evalua RMSE y cobertura de IC 95% en simulaciones extensas, no solo varianza explicada",0,Solo splines; no hay wavelets/Fourier ni comparacion entre familias de base,5,no
131,High-resolution signal recovery via generalized sampling,2,Justifica con condición de ángulo entre espacios y tasas de aproximación wavelet vs polinomios,2,"Reporta p, q, n, orden wavelet s, parámetro de regularización lambda; cita software (Wavelab)",2,Error relativo de reconstrucción medido sistemáticamente en múltiples escenarios simulados 1D y 2D,1,"Compara variantes de orden wavelet (s=1,2,4,8) y PCA vs PCA dispersa, no familias distintas de forma sistemática",7,si
135,Feature extraction for functional time series NIR spectroscopy,2,Da 4 razones teóricas explícitas para preferir wavelets sobre otras bases en rasgos locales,2,"Wavelet Daubechies 10 momentos, largo de bloque L y umbral vía Cai (2002); GCV para suavizado B-spline en la aplicación real",2,Simulaciones Monte Carlo con error L2 de estimación de las funciones,2,Compara sistemáticamente FPCA-BTW vs FPCA vs FPCA dispersa con métricas comunes en datos simulados y reales,8,si
168,A comparison of parameter estimation in function-on-function reg,2,"Explica propiedades de Fourier/B-spline/Gaussiana (periodicidad, soporte local, dispersion) y por que se eligen",2,"K=10 fijo; 4 criterios (GBIC GIC MAIC GCV) para lambda y K, simulacion reproducible",2,"AMSE, cobertura bootstrap, ancho de IC y interval score sobre 3 bases",2,Comparacion sistematica Monte Carlo de Fourier vs B-spline vs Gaussiana en 3 casos + 2 datos reales,8,si
177,Integrated Model Selection and Scalability in Functional Data Analysis,2,"Justifica un kernel Bayesiano no parametrico frente a bases fijas (Fourier/wavelets/B-splines) con argumento teorico (representer theorem, prior disperso)",2,Reporta escalas de longitud seleccionadas por validacion cruzada y numero de funciones base resultante (9/11/12) por escenario,2,"Error de covarianza vs verdad simulada y error en numero de componentes, validacion cruzada de escalas",2,"Tabla comparativa sistematica contra metodos existentes (fpca, refund-sc, LFRM) en multiples escenarios simulados",8,si
191,Empirically Driven Orthonormal Bases for FDA,2,Explica cuándo Fourier falla (discontinuidades) y por qué splinets se adaptan mejor a detalles locales,2,"Algoritmo de colocación de nudos vía AMSE greedy, completamente especificado y reproducible",2,"AMSE como función del tamaño de base vía Monte Carlo (20 réplicas), boxplots de error y variabilidad",2,Compara Fourier vs constante-a-trozos vs splinets sistemáticamente en dos modelos simulados,8,si
199,Data driven orthogonal basis selection for FDA,2,Teorema 1 formaliza por qué una base ajustada a la variación total reduce el error de aproximación,2,Algoritmo de nudos con validación train/test descrito; aplicado a dataset real (espectros de vino),2,Cota de error demostrada (Teorema 1) + aplicación a dato real + comparación de rendimiento,2,Compara explícitamente contra la base de Fourier (Sección 6) y discute ventaja en datos dispersos,8,si
201,Measurement and Analysis of High Frequency Asset Volatility,2,Discute polinomios de potencia/Lagrange/Fourier vs Bernstein y justifica Bernstein por propiedades de estabilidad numérica y envolvente convexa,1,Grado m del polinomio de Bernstein no se reporta con un criterio de selección explícito en el texto revisado,1,"Análisis de sensibilidad a muestreo no equidistante y ruido, pero sin métrica formal de calidad de representación",1,"Comparación solo cualitativa/discursiva de propiedades de otras bases, sin prueba empírica lado a lado",5,si
205,Bayesian adaptive selection of basis functions for functional data representation,2,"justifica B-spline para datos no periodicos y Fourier para periodicos por su ortogonalidad, con razonamiento teorico explicito",2,"K probado en grid {5..30} (o {5,10,...,30} para Fourier), eleccion via metrica de ajuste; reproducible",2,metrica tipo R2 ajustado (Eq 7) mas MSE frente a coeficientes verdaderos,2,2do estudio simulado compara explicitamente B-splines vs bases de Fourier sobre datos generados por funciones trigonometricas,8,si
239,Splinets – Orthogonal Splines for Functional Data Analysis,2,"justifica teoricamente la construccion de splinets ortonormales via ortonormalizacion diadica de B-splines, preservando localidad",0,no reporta numero de nudos ni dimension de base con valores concretos en el texto disponible,1,afirma ganancias de eficiencia y estabilidad computacional sin metrica cuantitativa explicita en el extracto,0,"no compara con otras familias de bases (Fourier, wavelets), solo presenta su propia construccion",3,no
270,Flexible functional data smoothing and optimization using beta spline,2,"contrasta explícitamente B-spline vs Fourier vs beta spline con 2 parámetros de forma, justificación teórica clara",2,"penalización de rugosidad + GCV para hallar parámetros óptimos, con 'GCV color grid chart'",1,"evaluación principal es el criterio GCV mismo, no métricas múltiples independientes de calidad de representación",1,"contraste con métodos existentes es narrativo en el resumen, no confirmé tabla comparativa sistemática con B-spline/Fourier",6,si
288,Spline-based methods for functional data on multivariate domains,2,"justifica selección de nodos guiada por datos frente a colocación fija/uniforme, con argumento de eficiencia dimensional",2,describe el algoritmo de selección de nodos (DDK) y su extensión a bases tensoriales explícitamente,2,"desempeño evaluado en dataset de referencia (clasificación), comparable o mejor que métodos previos",2,compara sistemáticamente la base de nodos guiada por datos frente a bases tensoriales/fijas previas en un benchmark,8,si
300,Joint Component Estimation for Electricity Price Forecasting,1,Usa B-splines y smoothing splines sin justificar la elección frente a otras bases,1,"Reporta p=5,d=10 (FAR) y p=3,d=8 (FARX) vía criterio FFPE; no reporta dimensión K de la base B-spline",0,"Solo evalúa precisión de pronóstico (MAE/MAPE/RMSE), no la calidad de la representación funcional en sí",0,"Compara estimación separada vs. conjunta (SS-SAR/SS-FAR/FARX), no familias de bases distintas",2,no
304,Unsupervised curve clustering using wavelets,2,Justifica wavelets sobre Fourier/splines/polinomios por su capacidad de capturar rasgos locales irregulares,2,Nivel de truncamiento K vía criterio de riesgo penalizado (Huet 2006/Birgé-Massart) y parámetro FDR con algoritmo explícito,2,"Evalúa aproximación vía riesgo estimado (KL/MSE) del nivel de truncamiento, más pureza de clustering",1,Compara con otros métodos de clustering funcional existentes; no confirmé comparación sistemática entre familias de base en la sección de resultados (no leída completa),7,si
348,FACTOR-AUGMENTED MODEL FOR FUNCTIONAL DATA,2,Discute explícitamente la subjetividad de elegir base (Fourier vs spline) y dedica un ejemplo motivador entero a la mala especificación de la base,2,"Reporta K, parámetro de penalización alpha vía mGCV con fórmula explícita, y número de factores r vía criterios de razón de valores propios",2,MISE calculado y comparado en múltiples escenarios de simulación (Tablas 1-3) y aplicación real,1,"Compara FASM vs Bsmooth/Localin/PACE (métodos de suavizado alternativos, no estrictamente familias de base distintas)",7,si
359,Efficient spline orthogonal basis for representation of density functions,2,Justifica la elección de bases spline ortogonales (ZB-splinets) por preservar soporte local y por la restricción de integral cero para densidades clr,2,"Grado k, parámetro de suavizado alpha=0.5 y secuencias de nudos explícitas reportadas; algoritmo de ortogonalización detallado",2,"Evalúa error relativo L2 y variabilidad explicada vía SPCA, comparando cuatro procedimientos de ortogonalización",1,"Compara cuatro variantes de ortogonalización de splines entre sí, no familias de base distintas (Fourier/wavelet no incluidas en la comparación empírica)",7,si
408,Contagion Patterns Classification in Stock Indices,1,"Usa B-splines y curvas de Bezier para suavizar, sin justificar teóricamente la elección frente a otras bases",1,"Menciona validación cruzada para el parámetro de clasificación (LASSO/RIDGE), pero no reporta explícitamente el número de nudos/dimensión de la base B-spline usada en el suavizado FPCA",1,Reporta solo porcentaje de varianza explicada por los primeros componentes (75.5% acumulado),0,No compara familias de bases; usa solo B-splines/Bezier a lo largo del artículo,3,no
432,Fast symmetric additive covariance smoothing,1,"Usa B-splines tensoriales bivariados y menciona explícitamente que 'otras bases son posibles', sin justificación teórica propia",2,"Parámetro de suavizado lambda vía REML (justificado como más estable que GCV, con cita); truncamiento de FPCA vía proporción de varianza explicada",2,Evalúa varianza explicada para truncamiento y precisión de estimación en simulaciones extensas,0,"Compara REML vs GCV y frente a otros métodos de suavizado de covarianza (Xiao et al., James et al.), no familias de base distintas",5,no
471,smoothEM: A new approach for the simultaneous assessment of smooth pat,2,"Prefiere splines penalizados sobre wavelets citando explicitamente sus limitaciones (efectos de borde, sin info de suavidad)",2,"300 funciones B-spline cubicas equiespaciadas, penalizacion orden 1, lambda por validacion cruzada",2,"Reporta error L2, FNR y FPR en simulaciones bajo multiples escenarios (n, contaminacion, SNR)",1,"Menciona wavelets y otro metodo como alternativas pero sin comparacion empirica sistematica, solo conceptual",7,si
534,Comparative study of different B-spline approaches for functional data,2,Justifica teoricamente ventajas/desventajas de regression splines vs smoothing splines vs P-splines,2,"Reporta numero de nudos, GCV/CV para lambda comun, detalla las 3 aproximaciones",2,Compara MSE respecto a curvas suaves originales y costo computacional,2,"Comparacion sistematica via simulacion + datos reales de 3 enfoques de suavizado en B-splines (misma familia, distinta penalizacion)",8,si
572,Efficient Bayesian hierarchical functional data analysis with basis fu,1,"Usa representacion en bases como paso estandar, no justifica la familia de base frente a alternativas (revision parcial: solo resumen/intro)",1,Menciona coeficientes de base y MCMC pero no detalla numero/orden de nudos en el extracto revisado,1,"Compara con inferencia bayesiana estandar via simulacion, enfocado en escalabilidad computacional mas que en calidad de representacion",0,"No compara familias de bases distintas, solo su metodo vs inferencia bayesiana estandar con la misma base",3,no
658,A Bayesian model for sparse functional data,1,"B-splines como herramienta estandar de flexibilidad, sin justificacion frente a otras familias (revision parcial: resumen/intro)",1,Suavizado local seleccionado automaticamente via MCMC pero sin especificar numero de nudos en el extracto revisado,1,"Evalua mediante intervalos de credibilidad posterior, no metricas explicitas de calidad de representacion",0,Sin comparacion entre familias de bases,3,no
667,Stochastic functional data analysis: A diffusion model-based approach,1,"Conecta el metodo con smoothing splines como caso especial, sin justificacion extensa de la eleccion de base (revision parcial)",1,Parametros del modelo de difusion descritos pero no parametros clasicos de aproximacion en bases (nudos/orden) en el extracto revisado,1,"Evalua vía datos reales (PSA) y pronostico, no metricas especificas de calidad de representacion",0,Sin comparacion entre familias de bases distintas,3,no
725,Sparse functional principal component analysis via regularized basis e,1,"Usa bases Gaussianas, justificacion limitada a que la version penalizada evita inestabilidad de ML sin penalizar (revision parcial)",1,"Estimacion penalizada descrita conceptualmente, parametros especificos no detallados en el extracto revisado",1,Experimentos numericos evaluan desempeno bajo datos faltantes pero sin metricas multiples explicitas,0,"No compara con otras familias de bases, solo su propio metodo penalizado vs no penalizado",3,no
758,Functional PCA via regularized Gaussian basis expansions,2,justifica base Gaussiana: cross-product matrix fácil de calcular y mayor flexibilidad que B-splines,2,"reporta M, nu y beta seleccionados por GIC, reproducible",2,simulación Monte Carlo reporta AMSE y SD(MSE) de reconstrucción,2,"compara sistemáticamente Gaussiana vs B-splines, misma data y métrica (Tabla 1)",8,si
769,Linear transformations and the k-means clustering algorithm,1,discute propiedades de ortogonalidad de cada base sin recomendar una única,2,"p=5 funciones base para B-spline/Fourier/potencia, nudo por validación cruzada",1,reporta solo varianza explicada por los primeros componentes (99.8% Fourier vs 51%+28% B-spline),2,"compara explícitamente clustering con B-spline, Fourier y base de potencias en mismos datos",6,si
804,Localized Functional Principal Component Analysis,0,"evita expansión en bases explícitamente, trabaja directo sobre el operador de covarianza",1,"parámetro de suavizado/localización con selección por validación cruzada V-fold, no es dimensión de base clásica",2,simulación mide recuperación de autofunciones verdaderas con validación cruzada,0,"compara LFPCA vs FPCA estándar, no familias de base distintas",3,no
872,Spline and Wavelet Smoothing Techniques for Functional Data,2,"justifica teóricamente Fourier=periódico, splines=suave, wavelets=discontinuidades/localizado",1,"reporta 20 nudos y estrategia data-driven vs equidistante con RMSE, pero menos detalle para wavelets",1,"solo RMSE de una comparación de nudos (Tabla 1), no evaluación amplia",2,paper explícitamente comparativo splines vs wavelets con ejemplos en varios dominios,6,si
901,Applications of functional data analysis: A systematic review,0,"es una revisión de qué bases usan otros estudios, no justifica ninguna propia",0,"no reporta parámetros de aproximación propios, solo frecuencia de uso en literatura",0,"no evalúa calidad de representación, solo cuenta qué técnicas se reportaron",0,tabula frecuencia de uso (B-spline 29.8%) pero no compara desempeño entre bases,0,no
938,Smoothing and differentiation of kinematic data using functional data analysis,2,"justifica B-spline sobre Fourier por ser datos no periódicos, cita literatura previa de superioridad de splines",2,"reporta orden 4, K=100, 98 nudos interiores, lambda=1e-12 seleccionado tras CV/GCV",1,"CV y GCV no dieron óptimo, validación final fue evaluación subjetiva de derivadas",1,"compara cubic vs quintic B-spline (mismo tipo, distinto orden), cita comparaciones de otros con Fourier",6,si
958,Utilizing BIC for the intelligent selection of functional data,1,"Usa B-spline ponderado por conveniencia de suavizado, sin comparar con otras familias",2,"Reporta numero de funciones base K, penalizacion de rugosidad, criterio BIC para num. de componentes",1,"Solo comparacion visual cualitativa de curvas reconstruidas vs originales, sin metrica cuantitativa",0,Unica familia de base (B-spline); no compara con wavelets/Fourier,4,no
959,Exploring FDA and wavelet PCA on ecstasy (MDMA) wastewater data,2,Justifica explicitamente Fourier vs B-spline vs wavelets segun suavidad esperada de los datos,2,Reporta bases Fourier/B-spline con 3 parametros de suavizado y wavelets madre con reglas de shrinkage,2,"Varianza explicada 87.5-99.6%, mas estabilidad via bootstrap y sensibilidad a datos faltantes",2,Comparacion sistematica PCA vs FPCA(Fourier/B-spline) vs WPCA con metricas comunes,8,si
1044,Region-based association test for familial data under functiona,2,"Fourier vs B-spline justificado: Fourier mejor para señal LD suavizada, B-spline para discontinuidades",2,"B-spline (15) y Fourier (25) funciones, recomendado por Fan et al. y validado en sus datos",0,"Evalúa potencia/error tipo I del test estadístico, no la calidad de la aproximación en sí",2,Compara sistemáticamente 6 combinaciones de base (B-B/F-F/F-B/B-F/0-B/0-F) en potencia y tiempo,6,no
1081,Functional Data Approach for Short-Term Electricity Demand Forec,1,"Usa base de Fourier sin justificar por qué frente a otras familias, solo la menciona",2,Selección automática de dimensión d y orden p vía criterio fFPE (predicción final funcional),1,Reporta varianza explicada acumulada por las primeras 3 FPC (>99%),0,"Solo usa Fourier, no compara con otras familias de base",4,no
1102,Monitoring panels of sparse functional data,0,No usa una familia de base FDA (B-spline/Fourier/wavelet); trabaja con estimadores de densidad kernel genéricos,1,"Menciona bandwidth por defecto del estimador kernel, no una selección formal de dimensión de base",0,No evalúa calidad de representación de una base funcional,0,No compara familias de bases,1,no
1118,A Study of the Colombian Stock Market with Multivariate FDA,2,Justifica P-splines frente a Fourier/wavelet por naturaleza de tendencia de los datos y menor MSE,2,Número óptimo de elementos y lambda vía GCV con función min.basis (paquete fda.usc),1,"Reporta varianza explicada por FPCA (85.8%, 6.8%, 3.2%, 1.4%)",1,Menciona comparación informal de MSE entre familias típicas (Fourier/spline/wavelet) al justificar la elección,6,si
1169,Reexamining Spatiotemporal Disparities of Financial Development,0,"Usa 'funciones de base' de forma abstracta, sin nombrar ni justificar una familia concreta en el texto disponible",2,"Pares (lambda,K) óptimos por GCV reportados explícitamente para las 3 dimensiones (ej. lambda=10^-1.65 K=5)",0,"No evalúa calidad de representación, se centra en pruebas de disparidad (FANOVA/Theil)",0,No compara familias de bases,2,no
1171,Construction of Development Momentum Index of FinTech,1,"Menciona de pasada que usa expansión en base B-spline, sin justificación",0,"No reporta dimensión, orden ni parámetro de suavizado de la base",1,Reporta tasa de varianza explicada por componentes principales (62.3%+14.7%+11.2%=88.2%),0,No compara familias de bases,2,no
1183,Functional Linear Regression: Dependence and Error Contamination,1,Usa expansión en base ortonormal generica B(u) para suavizar autofunciones; justificación solo por conveniencia de estabilidad numérica,2,"Selección de L, M, J vía validacion cruzada G-fold y bootstrap descritos en detalle algorítmico completo",0,"Evalúa precisión del estimador de regresión (simulaciones), no la calidad de la representación de la base en sí",0,"Compara estimadores estadísticos entre sí, no familias de bases funcionales",3,no
1198,Comparing risk profiles of international stock markets as funct,2,B-spline elegido sobre Fourier explícitamente por aperiodicidad de los datos y mayor flexibilidad computacional,2,"Orden m=6 y lambda=10^4 vía criterio GCV, algoritmo de suavizado dinámico descrito con detalle reproducible",2,GCV usado como validación cruzada de la calidad del ajuste tanto para derivadas como para regresión (CVISE),1,"Comparación razonada B-spline vs Fourier (no tabla empírica sistemática, pero justificación explícita y no trivial)",7,si
1232,Forecasting u.S. aggregate stock market excess return,0,No discute elección de familia de base; usa semimétrica PCA para regresión kernel no paramétrica,1,"Reporta bandwidth b y parámetro q vía validación cruzada, no son parámetros de una base de representación clásica",0,"Solo evalúa precisión de pronóstico (R2 oos, RMSFE), no calidad de la representación funcional",0,No compara familias de bases funcionales,1,no
1354,Describing the concentration of income populations Lorenz curves,1,Usa base B-spline para el embedding de curvas de Lorenz sin comparar con otras familias,1,"Reporta grado y nodos equiespaciados del B-spline, sin criterio explícito de selección del número de nodos",1,"Solo varianza explicada acumulada por las primeras 3 componentes (55%, 81%, 88%)",0,No compara familias de bases,3,no
1358,Intraday volatility analysis of CSI 300 index futures,1,"Justificación breve: 'Fourier basis... to consider overfitting problems', sin desarrollo teórico",2,GCV determina el número óptimo de bases y el parámetro de penalización lambda explícitamente,1,Solo varianza explicada por componentes (95% acumulado en 3 CP),0,"Solo usa base de Fourier, sin comparar con otras familias",4,no
1373,Functional arch and garch models Yule-Walker approach,0,"No discute familia de base de representación; es teoría de operadores en espacios de Hilbert C[0,1]/L2[0,1]",2,Criterio explícito y reproducible para elegir K (dimensión de truncamiento) vía razón de autovalores acumulados,0,"No evalúa calidad de la representación funcional, solo cotas asintóticas de error del operador",0,No compara familias de bases,2,no
1377,The effect of global crises on stock market correlations,0,FDA usado solo como marco de regresión mixed-frequency; no discute elección de base,0,No reporta parámetros de aproximación de una base funcional,0,No evalúa calidad de la representación funcional,0,No compara familias de bases,0,no
1382,Intraday Functional PCA Forecasting of Cryptocurrency Returns,1,"Menciona brevemente que usa base de Fourier para la FPCA (nota al pie), sin justificación teórica",2,"Umbral de 85% de varianza explicada elegido por precisión de pronóstico, con criterio explícito de selección",1,"Selección de componentes ligada a precisión de pronóstico, no a una métrica de calidad de representación per se",0,No compara familias de bases,4,no
1405,Identifying the Dynamic Influence of Economic Policy Uncertainty,2,"B-spline elegido explícitamente por ser adecuado a datos no periódicos, frente a Fourier para periódicos",1,"Reporta lambda/log(lambda), df y GCV por variable en tabla; falta orden/num. de bases explícito",1,Solo GCV como criterio de ajuste; no hay métrica de calidad de representación separada,0,No compara familias de bases entre sí,4,no
1420,Nonstationary Functional Time Series Forecasting,1,Usa FPCA dinámica vs estática con cita a trabajo previo; no justifica splines de suavizado inicial en profundidad,0,No reporta número de bases/nodos del suavizado inicial; solo criterio de retención K vía eigenvalue ratio,1,Reporta varianza explicada por componentes (eigenvalue ratio); compara con/sin suavizado en accuracy,1,"Compara FPCA estática vs dinámica (misma familia empírica, no cruza con B-spline/Fourier/wavelet)",3,si
1421,Functional Mixed-type Clustering of Investors Daily Returns,2,Justifica B-spline y ubicación de nudos extra en el crash para permitir no-suavidad en el punto de cambio,2,"25 splines cúbicas, 21 breakpoints interiores, nudos específicos detallados, regularización por mínimos cuadrados",1,Reporta % de varianza explicada por 15 componentes FPCA (96.2%) y por componente individual,0,No compara con otras familias de bases,5,no
1460,A review study of functional autoregressive models,2,Justifica explícitamente Fourier para datos periódicos vs spline para no periódicos; usa Fourier en aplicación real por estacionalidad de datos de gas,2,"Reporta mn=1 (pFAR), mn=23 (FAR/AFAR), 7 factores (FPC/CFPC) explícitamente para la aplicación real",2,Compara MAPE y R2 out-of-sample de múltiples modelos/bases en dos nodos y dos horizontes de pronóstico,2,Revisión sistemática y comparación empírica de expansión Fourier vs spline vs eigenbasis funcional,8,si
1494,"Trading signal, functional data analysis and time series momentum",1,Usa B-spline citando precedente (Cao et al. 2020); penalización de 4to orden justificada solo por necesitar 2da derivada,0,"No reporta número de nudos, orden ni parámetro de suavizado lambda",0,"No evalúa calidad de representación, solo desempeño de la estrategia de trading",0,No compara familias de bases,1,no
1543,Analysis of non-stationary dynamics in the financial system,1,Menciona B-spline para fPCA sin justificar la elección frente a otras opciones,0,No reporta número de bases ni parámetro de suavizado,1,"Usa exactitud de reconstrucción (proporción de varianza) como indicador de inestabilidad, no evaluación directa de calidad",0,"No compara familias de bases (Synchrosqueezing es un método distinto, no alternativa de base para el mismo fin)",2,no
1562,Functional Generalized Autoregressive Conditional Heteroskedasticity,2,Justifica uso de eigenfunciones empíricas por capturar eficientemente direcciones de varianza; menciona Fourier/B-spline/wavelet como alternativas típicas,2,"Reporta M=1 explícitamente para la ilustración real, con criterio de varianza explicada (56%)",1,Reporta varianza explicada (56%) y verifica informalmente que aumentar M no mejora sustancialmente,1,Menciona Fourier/B-spline/wavelet como alternativas pero no las compara empíricamente con la base usada,6,si
1694,Functional principal components analysis of shanghai stock exchange 50,1,"B-spline elegido por buen ajuste a datos no periodicos, sin comparacion ni teoria profunda",0,No reporta K ni parametro de suavizado usados en la aplicacion,1,Tabla de porcentaje acumulado de varianza explicada por componente,0,Solo usa B-spline; no compara con otras familias,2,no
1731,Mapping price dynamics across electricity market designs: A functional,2,"""we chose Fourier basis over B-splines primarily because they yield smoother residuals for our type of data""",2,"K de base 16-24 y log10(lambda) entre -4 y -2 vía GCV, reportado en Fig. A.14",1,"varianza explicada por el primer componente FPCA (84-99%), una sola métrica",1,"comparación informal Fourier vs B-splines basada en suavidad de residuos, sin resultados cuantitativos para ambas",6,si
1799,Dynamic functional time-series forecasts of foreign exchange implied v,0,No discute la base de suavizado inicial de las curvas; solo Fourier aparece en una referencia bibliografica,2,"Selecciona K por criterio de varianza acumulada (CPV) con umbral explicito P1=P2=0.9, reproducible",1,Reporta proporcion de variabilidad explicada (varianza explicada) para elegir K,0,No compara familias de bases distintas,3,no
1814,Forecasting High-Dimensional Financial Functional Time Series: An Appl,0,"Asume los datos ya suavizados citando literatura previa, sin especificar base ni parametros propios",0,No reporta parametros de aproximacion propios,0,No evalua calidad de representacion (foco en precision de pronostico),0,No hay comparacion de bases,0,no
1818,Forecasting Stock Index Futures Intraday Returns: Functional Time Series Model,1,usa funciones propias de FPCA como 'basis functions' sin justificar la elección frente a spline/Fourier,1,menciona K componentes y parámetro de encogimiento lambda 'óptimo' sin dar valores ni criterio de selección,0,no reporta varianza explicada ni error de reconstrucción de la representación; solo error de pronóstico (MAFE/MSFE),0,"no compara familias de base, solo métodos de pronóstico de los scores (BM/OLS/RR/PLS)",2,no
1836,Advancing Economic Forecasting With Hybrid Time Series and Functional,1,Usa Fourier en la aplicacion real pero sin justificar por que sobre B-spline (solo formula generica en teoria),1,No reporta K de Fourier; si reporta cuantos FPC retiene segun varianza,1,"Grafica de porcentaje de variacion explicada por FPC (89.5% primer componente, 99% con 4)",0,Solo usa Fourier; no compara con otras familias,3,no
1837,Exploring volatility of crude oil intraday return curves,2,"Propone 2 bases nuevas (FSNN, TPF) con justificación teórica de no-negatividad y estructura predictiva",2,"M=2 vía 90% varianza explicada; criterios de selección (CV, diagnóstico) discutidos explícitamente",2,"Bondad de ajuste (test M_N,K,ε) + normas de coeficientes + FACF restaurado, múltiples métricas",2,Compara sistemáticamente TFPCA vs FSNN vs TPF en todos los modelos y covariables (Tabla 4.2-4.4),8,si
1840,A functional time series analysis of forward curves from commodity futures,2,Compara empíricamente Hermite vs B-spline vs smoothing para interpolación; Hermite gana por error de pronóstico,1,Discute selección de p vía % varianza explicada o CV pero no reporta valor final específico por serie,1,"Evalúa vía tests de estacionariedad/independencia de las curvas, no evaluación directa de la representación",2,Compara FPCA-based FAR vs método de factores predictivos (Kargin-Onatski) sistemáticamente en pronóstico,6,si
1849,The dynamics of economic functions - yield curve,2,Justifica teóricamente el spline cúbico natural por sus propiedades de interpolación/aproximación (§2.3),1,"Nudos dados explícitamente (k=1,2,4,18,24,84) pero criterio de selección de m no detallado a fondo",1,Evalúa ajuste transversal cualitativamente; no reporta métrica explícita de calidad de representación,2,"Compara FSN-ECM (spline) vs Diebold-Li (Nelson-Siegel) vs factores predictivos, con MSFE y ganancias económicas",6,si
1939,Functional data analysis by matrix completion,1,"Cuestiona el paradigma smooth-then-PCA pero no justifica una familia de base específica, es más general",2,Selección de rango r vía scree-plot formalizada y probada; bandwidth también estimado,2,Error relativo de Frobenius vs verdad simulada en 9 escenarios x 6 combinaciones x 2 regímenes x 100 réplicas,2,"Compara su método vs KL truncada, spline smoothing (Ramsay-Silverman) y PACE sistemáticamente (Tablas 7-8)",7,si
2049,Functional horseshoe smoothing for functional trend estimation,1,usa B-spline orden 4 nudos uniformes (paquete fda.usc) sin justificar por que esa familia,2,"L y k seleccionados via PPL sobre grid explicito {5,9,13,17,21,25}; reproducible",2,"MAD, MCIW y CP comparados en 4 escenarios y datos reales",0,"compara metodos de suavizado (FHS/FLS/BART/FTF) sobre la MISMA base B-spline, no familias distintas",5,no
2273,Functional approach to analysis of daily tax revenues,2,prueba varias técnicas de suavizado y elige B-spline por rastrear mejor los dos picos mensuales,1,reporta 8 armónicos FPCA (87% varianza); no da orden/nodos del B-spline,1,"87% de varianza explicada con 8 componentes FPCA, sin otra métrica",0,"solo usa B-splines; compara métodos de predicción, no familias de base",4,no
2410,Sparse Functional Principal Component Analysis in High Dimensions,1,"usa base ortonormal de splines cubicos citando trabajos previos, sin justificacion especifica de por que esa familia frente a otras",2,"numero de bases sn elegido por validacion cruzada K-fold, valor concreto sn=14 reportado; reproducible",2,"MSE y MRSE de eigenfunciones frente a valores verdaderos en simulacion, mas tasas de clasificacion",0,"compara su algoritmo (sFPCA) contra otros metodos (HG, UFPCA+ROAD) usando la MISMA base spline, no familias distintas",5,no
2413,Online Functional Principal Component Analysis on a Multidimensional Domain,1,"elige B-spline citando eficiencia computacional (de Boor 1972), justificacion breve no especifica al problema",2,"grado, numero de nudos y esquema de ajuste dinamico del parametro de suavizado completamente especificados; reproducible",2,"RMSE de eigenfunciones frente a valores verdaderos en simulacion 1D y 2D, mas aplicaciones reales con varianza explicada",0,"compara algoritmos de estimacion online/batch (OnlineCov, FACE, REML, SOAP) todos sobre B-splines, no compara familias de bases",5,no
2414,Bayesian Multivariate Sparse Functional Principal Components Analysis,2,justifica el cambio de Splinets a B-splines ortonormalizados explicando que Splinets es inestable para datos dispersos por su localidad,2,"dimension de base Q entre 20-40 con analisis de sensibilidad documentado; Q=20 en simulaciones, reproducible",2,"RISE, ISE de eigenfunciones/media y probabilidad de cobertura frente a 5 metodos competidores",1,"menciona informalmente por que Splinets no sirve aqui vs B-splines, pero no hay comparacion sistematica de ambas bases con metricas",7,si
2415,Filtrated Common Functional Principal Components for Multivariate,1,Usa fPCs (base empírica) por optimalidad en reconstrucción; no compara contra otras familias,2,"Reporta selección completa de a/b (tuning) y D vía criterio GIC, reproducible",2,Métrica R de eficiencia de reconstrucción y comparación de residuales vs PCfPCA,0,"Compara variantes de FPCA (filt-fPCA vs PCfPCA), no familias de base distintas",5,no
2423,Fast Bayesian Basis Selection for Functional Data Representation with Correlated Errors,2,Justifica selección bayesiana de base frente a splines/suavizado estándar con argumento teórico y simulación,2,"Reporta coeficientes, indicadores de selección, K bases; código en GitHub, reproducible",2,"Recuperación de coeficientes verdaderos, SDs, bandas creíbles del 95%",1,"Compara con splines de regresión/suavizado y LASSO, no es comparación sistemática de familias",7,si
2434,Splinets -- splines through the Taylor expansion,2,"Justifica teóricamente el splinet (localidad de soporte, estabilidad numérica) frente a otras ortogonalizaciones de B-splines",2,"Reporta orden k, nudos, estructura diádica N; paquete R reproducible",1,"Muestra reconstrucción visual con 10/50/100 dimensiones, sin métrica cuantitativa formal",0,"Compara métodos de ortogonalización de B-splines, no familias de base distintas",5,no
2440,Functional Data Analysis by Matrix Completion,2,Justifica teóricamente separar variación suave/rugosa frente al paradigma estándar de suavizado+PCA,2,"Reporta rango r, ancho de banda delta, resolución K; selección vía scree plot",2,Compara error predictivo y selección de rango en múltiples escenarios simulados,2,"Compara sistemáticamente contra suavizado por splines, PACE, KL truncado, y bases Fourier vs Gram-Schmidt",8,si
2452,Reconciling Functional Data Regression with Excess Bases,0,Menciona Fourier/spline/wavelet como opciones estándar sin justificar cuál usa ni por qué,2,"Reporta N, M, K de forma detallada y reproducible en escenarios de simulación",1,"Evalúa error cuadrático medio de predicción según número de bases, una sola métrica",0,"No compara familias de base, solo número de bases dentro de una familia",3,no
2475,Sufficient conditions for proper posteriors in fully-Bayesian Functional PCA,1,Usa base spline rica para las FPC sin justificar la elección frente a otras familias,1,"Discute parámetro de suavizado como componente de varianza, sin ejemplo numérico reproducible visto",0,"Es un trabajo teórico (condiciones de propiedad de la posterior), sin evaluación empírica de representación",0,No compara familias de base,2,no
2505,Cosine Series Representation,2,Justifica teóricamente la base coseno vía autofunciones del Laplaciano frente a transformada implícita DCT,1,Da fórmulas de estimación de coeficientes pero sin protocolo reproducible claro de selección de truncamiento,1,"Aplicaciones a DTI y EEG 'demuestran ventajas' de forma cualitativa, sin métrica comparativa clara",0,"Compara enfoque explícito vs. implícito de la misma familia coseno, no entre familias distintas",4,no
2514,Recovering the Underlying Trajectory from Sparse and Irregular Longitudinal Data,2,"Justifica SOAP frente a PACE: evita inversión de matriz de covarianza, no requiere normalidad",2,Selección de parámetro de suavizado vía validación cruzada leave-one-curve-out y AIC con tabla explícita,2,"MSPE/IMPE con medias, SD, mediana, min/max en múltiples escenarios Gaussianos y no Gaussianos",1,"Compara SOAP vs PACE, ambos de tipo empírico/FPCA, no distintas familias de base",7,si
2546,smoothEM: a new approach for the simultaneous assessment of smooth pat,1,"usa splines cúbicos citando literatura FDA estándar, sin comparar contra otras familias",2,"grilla de lambda 1e4-1e-4, 300 nodos equiespaciados, orden de penalización 1, todo especificado",2,"error L2 y Linf del componente suave vs. verdad en simulación, FNR/FPR de detección de picos",1,"discute wavelets vs. su enfoque solo conceptualmente en la introducción, sin comparación empírica de bases",6,si
2558,Enhanced Change-Point Detection in Functional Means,2,argumento teórico central: alinear la base con la función de salto (DEC) supera la base fPC estándar no alineada,2,"reglas explícitas para rho=N^beta kappa=N^-alpha, criterio de dimensión D via % varianza acumulada gamma=80-90%",1,"evalúa potencia/tamaño del test, no exactamente calidad de representación de la curva en sí",2,comparación sistemática por simulación: base fPC estándar vs. enfoque totalmente funcional vs. base DEC propia,7,si
2565,Functional Horseshoe Smoothing for Functional Trend Estimation,2,argumenta que el shrinkage prior sobre diferencias logra adaptación local mejor que basis fija estándar,2,"selección del número de funciones base vía posterior predictive loss, explícito",2,compara precisión de suavizado contra métodos alternativos con datos simulados y reales,1,"comparación es contra métodos de suavizado alternativos, no explícitamente entre familias de bases distintas",7,si
2573,Semiparametric Functional Factor Models with Bayesian Rank Selection,2,justifica teóricamente aumentar plantilla paramétrica con base no paramétrica ortogonal para evitar sesgo,2,selección de rango/dimensión vía prior spike-and-slab ordenado con garantías teóricas de consistencia,2,cuantifica reducción de sesgo e incertidumbre posterior/predictiva frente a alternativas,1,"comparación es entre grados de parametrización (paramétrico vs semi vs no paramétrico), no entre familias de base clásicas",7,si
2617,Dynamic Functional Principal Component,2,argumenta que FPCA estática ignora la dependencia serial; propone base dinámica vía dominio de frecuencia,2,metodología espectral con ancho de banda y número de componentes dinámicos especificados,2,simulación y aplicación empírica muestran mejora sustancial vs. FPCA estática,2,comparación sistemática FPCA estática vs. FPCA dinámica (dos representaciones distintas) en simulación y datos reales,8,si
2630,Noise reduction for functional time series,2,"basa la separación señal/ruido en la dinámica finito-dimensional subyacente, con optimalidad MISE demostrada",2,secciones dedicadas a estimación de subespacios M/Mepsilon con procedimiento explícito,2,consistencia demostrada y comparación de desempeño en datos simulados y reales,1,"comparación es contra otras técnicas de reducción de ruido, no entre familias de bases distintas",7,si
padilla_segarra,Brief Review of FDA: Case Study on Regional Demographic Data,2,"Elige B-splines por ser datos no periodicos medidos en el tiempo, justificacion teorica breve",2,"Reporta orden de spline y dimension de base por variable (Tabla 2), regla K=orden+nodos-2, paquete fda",1,"Tabla 2 reporta solo varianza explicada por FPC (FPC1-3 y total), sin otras metricas",0,Solo usa B-splines; no compara contra Fourier/wavelets pese a mencionarlos como alternativas existentes,5,no
