familia_base,criterio_seleccion_dimension,n
MÚLTIPLE (comparación explícita),GCV,9
B-spline,fijo/arbitrario/manual,8
B-spline,GCV,8
MÚLTIPLE (comparación explícita),AIC/BIC/GIC,6
B-spline,no reportado/confirmado,6
sin_dato,no aplica,5
empírica,no reportado/confirmado,4
B-spline,no aplica,4
MÚLTIPLE (comparación explícita),otro criterio propio,3
MÚLTIPLE (comparación explícita),bayesiano,3
empírica,validación cruzada / bootstrap,3
sin_dato,GCV,2
B-spline,otro criterio propio,2
otra,bayesiano,2
empírica,umbral de varianza explicada,2
Fourier,no aplica,2
sin_dato,otro criterio propio,1
wavelet,validación cruzada / bootstrap,1
B-spline,validación cruzada / bootstrap,1
RBF,GCV,1
wavelet,otro criterio propio,1
MÚLTIPLE (comparación explícita),no aplica,1
B-spline,AIC/BIC/GIC,1
RBF,AIC/BIC/GIC,1
MÚLTIPLE (comparación explícita),validación cruzada / bootstrap,1
MÚLTIPLE (comparación explícita),fijo/arbitrario/manual,1
Fourier,AIC/BIC/GIC,1
P-spline,GCV,1
otra,validación cruzada / bootstrap,1
sin_dato,validación cruzada / bootstrap,1
otra,no aplica,1
Fourier,GCV,1
empírica,otro criterio propio,1
MÚLTIPLE (comparación explícita),no reportado/confirmado,1
empírica,AIC/BIC/GIC,1
otra,no reportado/confirmado,1
empírica,bayesiano,1
Fourier,no reportado/confirmado,1
