id,clave_bibtex,autores,anio,familia_base,tipo_datos,dominio_aplicacion,metricas_reportadas,resultado_principal,limitacion_declarada,puntuacion_total
769,tarpey_linear_2007,"Tarpey, T.",2007,"multiples, uso ilustrativo: B-spline, Fourier, potencias",ambos,respuesta a tratamiento antidepresivo (HAM-D); ejemplo simulado de clustering,error cuadratico entre medias de cluster estimadas y verdaderas,La familia de base/transformacion lineal usada para ajustar las curvas afecta fuertemente los resultados de k-means; propone una transformacion canonica que mejora el clustering,"asume que el error no contiene informacion sobre los clusters, lo cual puede fallar si las varianzas difieren entre clusters",6
1849,bowsher_dynamics_2008,"Bowsher, C.G.; Meeks, R.",2008,otra (spline cúbico natural),reales,curva de tasas de interés (yield curve),error cuadrático medio de pronóstico,"Proponen un modelo FSN-ECM donde la curva de rendimiento es un spline cúbico natural cuya evolución dinámica sigue un VAR cointegrado en los nodos, logrando reducción de dimensión y pronósticos coherentes.",no declarada explícitamente,6
758,kayano_principal_2009,"Kayano, M.; Konishi, S.",2009,otra (base radial Gaussiana),ambos,estructura 3D de proteinas,"AMSE (error cuadratico medio promedio), SD(MSE), RMSD",La FPCA regularizada con base Gaussiana supera a la basada en B-splines en AMSE para datos no balanceados,no declarada explicitamente,8
2617,hormann_dynamic_2012,"Hörmann, Siegfried; Kidziński, Łukasz; Hallin, Marc",2012,Fourier,ambos,contaminación del aire (PM10),% varianza explicada; NMSE (simulación),La FPCA dinámica explica más varianza y reconstruye mejor la dinámica intradía que la FPCA estática (80% vs. 73% de varianza explicada en datos reales de PM10),no declarada explícitamente en el extracto revisado,8
534,aguilera_comparative_2013,"Aguilera, A.M.; Aguilera-Morillo, M.C.",2013,"B-spline (regression splines, smoothing splines, P-splines)",ambos,no reportado en el extracto revisado,"error cuadrático medio (MSE), costo computacional",P-splines dan la mejor aproximación con menor costo computacional; ambos enfoques penalizados reducen drásticamente el MSE frente a regression splines no penalizadas,no confirmado en el extracto revisado,8
2440,descary_matrix_2016,"Descary, Marie-Hélène; Panaretos, Victor M.",2016,Fourier (comparada contra B-spline/suavizado y descomposición KL empírica),simulados y reales,principalmente metodológico/simulación; aplicación real a datos de contaminación del aire (apéndice),"error de estimación de covarianza, comparación de rango, desempeño predictivo","El método de completación de matrices recupera por separado las componentes suave y rugosa de datos funcionales, superando o igualando a KL truncada, suavizado por splines (Ramsay & Silverman) y PACE.",la estimación de la componente rugosa B se ve afectada si hay ruido de alta frecuencia global no atribuible correctamente a la componente local,8
959,salvatore_exploring_2016,"Salvatore, S.; Bramness, Jø.G.; Røislien, J.",2016,"Fourier, B-spline y wavelet (comparacion explicita de las tres)",reales,epidemiologia basada en aguas residuales (carga de MDMA/extasis),"porcentaje de varianza explicada por componente, intervalos de confianza bootstrap, sensibilidad a datos faltantes",FPCA con base de Fourier y suavizado comun-optimo fue el metodo mas preciso y estable; WPCA no revelo cambios temporales rapidos adicionales que la FPCA no capturara,el estudio esta restringido a solo una semana de observaciones,8
1562,aue_generalized_2017,"Aue, A.; Horváth, L.; Pellatt, D.F.",2017,"empírica (eigenfunciones del kernel de covarianza), con Fourier/B-spline/wavelet mencionados como alternativas típicas sin comparación sistemática propia",reales,retornos intradía de 5 minutos del ETF SPY (S&P 500),no reportadas explícitamente más allá de resultados asintóticos teóricos,"Extienden el modelo GARCH al espacio funcional (FGARCH), usando eigenfunciones del operador de covarianza como base, con teoría asintótica y aplicación a retornos intradía del SPY.",no declarada explícitamente,6
2514,nie_recovering_2018,"Nie, Yunlong; Yang, Yuping; Cao, JIguo",2018,"empírica (SOAP: aproximación ortonormal dispersa, comparada contra PACE)",ambos,"CD4 (VIH, cohorte longitudinal)","AIC, comparación de desempeño en simulación vs. PACE","El método SOAP propuesto evita invertir la matriz de covarianza (a diferencia de PACE), es numéricamente más estable y no requiere normalidad de los scores FPC.",no confirmado en el extracto revisado (no se localizó sección de discusión/limitaciones explícita),7
45,perezplaza_network_2018,"Pérez-Plaza, S.; Fernández-Palacín, F.; Berrocoso, M.; Páez, R.; Rosado, B.",2018,Fourier y P-splines (comparación explícita entre ambas familias),reales,geodesia / red GPS (movimiento de placas tectónicas),"MSE (error cuadrático medio) por base, varianza explicada por componentes principales","Compara Fourier vs P-splines por MSE para reconstruir curvas GPS geodésicas; P-splines superan a Fourier en componentes East/North, similar en Up; FPCA detecta actividad sísmica sincronizada.",no declarada explícitamente,8
1939,descary_matrix_2019,"Descary, Marie-Hélène; Panaretos, Victor M.",2019,empírica (Fourier/Gram-Schmidt) comparada contra B-spline (enfoque Ramsay-Silverman),simulados,puramente metodológico/simulación,"error cuadrático medio de estimación de la función de covarianza, comparado entre métodos",Proponen un método de completado de matrices para estimar la función de covarianza y las eigenfunciones de datos funcionales dispersos/irregulares sin necesidad de suavizado previo por bases fijas como B-spline.,no declarada explícitamente,7
1840,horvath_time_2020,"Horváth, L.; Liu, Z.; Rice, G.; Wang, S.",2020,"otra (interpolación con polinomios cúbicos de Hermite, comparada empíricamente contra B-spline y splines de suavizado)",reales,curvas forward de futuros de materias primas del índice S&P GSCI,"medidas de error funcional y multivariado (Errf, Errm), test KPSS funcional",La interpolación con polinomios de Hermite cúbicos supera a la interpolación/suavizado B-spline para construir curvas forward de materias primas; el modelo FSAR con factores predictivos mejora el pronóstico frente a FAR y modelos ingenuos.,no declarada explícitamente,6
938,zin_smoothing_2020,"Zin, M.A.M.; Rambely, A.S.; Ariff, N.M.; Ariffin, M.S.",2020,B-spline (cubico y quintico),reales,cinematica del American kettlebell swing (angulo de flexion/extension de cadera),"RMSE, GCV, grados de libertad","Ni CV ni GCV dieron el lambda optimo automaticamente; fue necesaria evaluacion subjetiva. El spline quintico con lambda=1e-12 y penalizacion de 4o orden fue optimo, evitando el error de aceleracion cero en los extremos que si afecta al cubico",no se determino como el suavizado con distintos valores de lambda afecta analisis posteriores como la FPCA,6
1460,chen_review_2021,"Chen, Y.; Koch, T.; Lim, K.G.; Xu, X.; Zakiyeva, N.",2021,"Fourier, spline/B-spline y eigenbasis empírica (los tres comparados sistemáticamente en la revisión)",reales,flujos de gas natural en la red de transporte de Alemania,"MAPE, comparación numérica de desempeño de pronóstico entre modelos FAR","Revisión sistemática de modelos FAR que compara Fourier/spline/eigenbasis y sus variantes para manejar estacionalidad, variables exógenas y quiebres estructurales, ilustrada con datos reales de flujo de gas natural.",no declarada explícitamente,8
131,gataric_high_2021,"Gataric, M.",2021,empírica (FPCA); wavelet y Fourier como bases de muestreo del marco,simulados (modelo generativo 1D + imágenes fantasma cerebrales 2D),señales/imágenes sintéticas (metodológico),"tasa de aproximación/error de reconstrucción, SNR",combinar muestreo de baja resolución (ej. Fourier) con FPCA de alta resolución permite recuperación de alta resolución bajo condiciones de bajo rango,"no confirmado en el extracto revisado (lectura parcial, ver nota)",7
2573,kowal_semiparametric_2021,"Kowal, Daniel R.; Canale, Antonio",2021,"empírica (base no paramétrica aprendida de los datos, ortogonal a un template paramétrico)",ambos,control motor humano; curvas de tasas de interés (yield curve),"sesgo, incertidumbre posterior/predictiva, comparación con alternativas paramétricas/semiparamétricas","Aumentar un template paramétrico con una base no paramétrica ortogonal elimina sesgo por mala especificación y reduce incertidumbre excesiva, frente a alternativas puramente paramétricas.",no confirmado en el extracto revisado,7
191,nassar_empirically_2021,"Nassar, H.; Podgórski, K.",2021,"empírica (splinets, basada en datos) vs. Fourier (comparación crítica)",reales (espectros de vino),espectros de vino (FDA clásico),MSE promedio por punto de dato funcional,método basado en datos (splinets) para elegir la base ortonormal inicial supera la elección ad-hoc habitual (Fourier),solo se considera un número finito I de funciones de base por limitaciones prácticas,8
199,basna_driven_2022,"Basna, R.; Nassar, H.; Podgórski, K.",2022,empírica (splinets) vs. Fourier/wavelets/splines (elección ad hoc estándar criticada),reales (datos funcionales dispersos),no especificado en el extracto revisado,"no confirmado en el extracto revisado (mismo enfoque MSE que id 191, mismos autores)","propone un método basado en datos para elegir la base funcional inicial mediante colocación eficiente de nodos (splinets), en vez de la elección ad hoc habitual",no declarada explícitamente en el extracto revisado,8
168,beyaztas_comparison_2022,"Beyaztas, U.; Shang, H.L.",2022,"Gaussiana (RBF), B-spline y Fourier (compara las 3 explícitamente)",ambos (simulación Monte Carlo + datos reales),"clima semanal (radiación, estaciones de Dakota del Norte)","comparación LS vs MPL, intervalos de confianza bootstrap, criterios de información",compara sistemáticamente 3 familias de base y 2 métodos de estimación para determinar la elección óptima de base en regresión función-función,no declarada explícitamente en el extracto revisado,8
2546,dang_smoothem_2022,"Dang, Huy; Cremona, Marzia; Chiaromonte, Francesca",2022,"spline (penalizado, vía suavizado regularizado)",ambos,índice de olas de calor (EEUU); consumo eléctrico semanal (Irlanda),no confirmado en el extracto revisado más allá de consistencia asintótica del EM,Combina suavizado spline regularizado con un algoritmo EM para identificar picos irregulares y estimar simultáneamente el componente suave subyacente.,no confirmado en el extracto revisado,6
2558,jiao_enhanced_2022,"Jiao, Shuhao; Chan, Ngai-Hang; Yau, Chun-Yip",2022,"otra (bases adaptadas/alineadas al punto de cambio, no una familia fija predeterminada)",ambos,trayectorias anuales de humedad,"potencia de detección, comparación con métodos existentes",Alinear las funciones base con el cambio a detectar mejora sustancialmente la potencia de detección frente a métodos que no lo hacen (fPCA estándar).,no confirmado en el extracto revisado,7
201,liang_measurement_2022,"Liang, Z.; Weng, F.; Ma, Y.; Xu, Y.; Zhu, M.; Yang, C.",2022,Bernstein polynomial (RBF/polinomial),reales (datos financieros por segundo),volatilidad de activos financieros de alta frecuencia,"modelo de volatilidad realizada basado en curvas, sensibilidad a muestreo no equiespaciado","propone una función de base de Bernstein ponderada para el ajuste de curvas de precios financieros de alta frecuencia, con m seleccionado vía GCV",no declarada explícitamente en el extracto revisado,5
86,nie_recovering_2022,"Nie, Y.; Yang, Y.; Wang, L.; Cao, J.",2022,empírica (funciones base ortonormales estimadas de los datos),simulados y reales,porcentaje de CD4 en cohorte de SIDA (Multi-center AIDS Cohort Study),no confirmado en el extracto revisado,"Propone SOAP, un método de aproximación ortonormal dispersa que evita invertir la matriz de covarianza, como alternativa más estable que PACE para FPCA con datos longitudinales dispersos e irregulares.",no confirmado en el extracto revisado,6
2565,wakayama_horseshoe_2022,"Wakayama, Tomoya; Sugasawa, Shonosuke",2022,otra (funciones base bajo prior de contracción horseshoe sobre diferencias de orden general),ambos,tendencias funcionales tipo GDP y otras no estacionarias,"precisión de suavizado, comparación con métodos alternativos","El método propuesto (functional horseshoe smoothing) captura cambios abruptos en la tendencia con mejor precisión que alternativas, cuantificando incertidumbre bayesiana.",no confirmado en el extracto revisado,7
135,yang_feature_2022,"Yang, Y.; Yang, Y.; Shang, H.L.",2022,wavelet (block thresholding) combinada con empírica (FPCA),ambos (simulación Monte Carlo + datos reales NIR),espectroscopía NIR de paneles de madera,"error de estimación del proceso funcional, precisión de pronóstico",FPCA-BTW supera a FPCA y FPCA dispersa al capturar características locales y globales simultáneamente,no declarada explícitamente en el extracto revisado,8
2630,diks_noise_2023,"Diks, Cees; Wouters, Bram",2023,"empírica (FPCA/Karhunen-Loève dinámica, DFPCA)",ambos,temperatura horaria (clima),MISE; error de pronóstico ΔF,El denoising MISE-óptimo propuesto supera técnicas existentes de reducción de ruido y mejora el pronóstico como paso de preprocesamiento,supone que el ruido admite una descomposición de baja dimensión; no está claro si esto se cumple en datos reales,7
1837,rice_exploring_2023,"Rice, G.; Wirjanto, T.; Zhao, Y.",2023,empírica (FPCA truncada) comparada con base dispersa no-negativa y factores predictivos truncados,reales,"futuros de petróleo crudo WTI, retornos intradía","MSE, QLIKE",Proponen bases no-negativas y predictivas construidas a partir de los datos que superan a la FPCA estándar en la estimación y pronóstico de la volatilidad funcional del petróleo crudo.,no declarada explícitamente,8
270,amir_flexible_2024,"Amir, W.A.F.W.; Misro, M.Y.; Mohd, M.H.",2024,otra (beta spline; extensión del B-spline con 2 parámetros de forma),reales,temperatura de 5 estaciones meteorológicas del norte de Malasia,error GCV,Beta spline con parámetros de forma optimizados por GCV logra mayor flexibilidad que B-spline/Fourier estándar para suavizar curvas de temperatura climática con eventos extremos,no declarada explícitamente en el extracto leído,6
288,basna_spline_2024,"Basna, R.; Nassar, H.; Podgórski, K.",2024,"B-spline (producto tensorial, ortonormalizado ""splinet"")",reales,espectroscopía de vino (1D) y clasificación de imágenes Fashion MNIST (2D),"exactitud 73.6%, precisión 73.9%, recall 73.1%, F1 73.1%",Extensión de la selección de nudos data-driven a dominios multidimensionales mediante transformación de topología del espacio de splines; clasificación FPCA logra ~74% de exactitud en Fashion MNIST,exactitud menor que redes neuronales convolucionales de última generación,8
2423,cruz_fast_2024,"Cruz, Ana Carolina da; Souza, Camila P. E. de; Sousa, Pedro H. T. O.",2024,B-spline y Fourier (ambas evaluadas y comparadas),simulados y reales,"motocicleta, LIDAR, clima canadiense","sensibilidad, especificidad, exactitud, R2 ajustado","El algoritmo VEM bayesiano selecciona correctamente bases B-spline o Fourier según el caso y logra R2 ajustado comparable o superior a splines de regresión/suavizado y LASSO, mucho más rápido que Gibbs sampling.",no cuantifica la incertidumbre en la estimación del parámetro de decaimiento de correlación,7
872,eslami_spline_2024,"Eslami, M.M.",2024,"B-spline, P-spline y wavelet (comparacion conceptual)",reales,"uso de bicicletas compartidas (Dublin), senales ECG, imagenes MRI",RMSE (nodos equidistantes vs. data-driven; spline vs. wavelet),"Splines y wavelets tienen fortalezas complementarias: splines para tendencias suaves, wavelets para cambios/discontinuidades locales; RMSE similar en el caso de Dublin (0.455 vs 0.472)",no declarada explicitamente,6
348,gao_factor_2024,"Gao, Y.; Shang, H.L.; Yang, Y.",2024,B-spline,ambos,"temperatura horaria en Adelaide, Australia (además de temperatura/precipitación de Canadá en el suplemento)",MISE (simulación); análisis de residuos y autovalores (aplicación real),"El modelo FASM (suavizado + factores) reduce los residuos y mejora la estimación frente a Bsmooth, Localin y PACE, especialmente ante error de medición o mala especificación de la base",no declarada explícitamente (se insinúa la necesidad de extender a cambios estructurales en la dirección muestral),7
1198,shackleton_comparing_2024,"Shackleton, R.L.; Das, S.; Gupta, R.",2024,B-spline,reales,"volatilidad realizada, 6 mercados bursátiles internacionales, COVID-19 vs crisis 2008","energía cinética/potencial (rango velocidad/aceleración), R² (regresión función-sobre-función)","COVID-19 generó recuperación más rápida que la crisis 2008, mayor energía cinética/potencial en 2020 (excepto China); EMVID predice bien la volatilidad en 2020 (R²>0.92) pero no en años sin crisis","no declarada explícitamente (se advierte que R² puede ser engañoso como medida, no como limitación del estudio)",7
205,sousa_bayesian_2024,"Sousa, P.H.T.O.; de Souza, C.P.E.; Dias, R.",2024,B-spline y Fourier (ambos probados),ambos,casos diarios de COVID-19 en Brasil,"MSE, métrica tipo R2 ajustado (Ec. 7)","Modelo bayesiano vía Gibbs sampler selecciona correctamente el número y conjunto de bases (B-spline/Fourier), superando a OLS y siendo comparable/mejor que LASSO y Bayesian LASSO",no confirmada en el extracto leído,8
304,amato_unsupervised_2025,"Amato, U.; Antoniadis, A.; De Feis, I.; Gijbels, I.",2025,wavelet,ambos,espectroscopía infrarroja para clasificar tipos de carne (datos Tecator),índice de Rand ajustado (aRand),"El método de clustering basado en wavelets logra aRand=0.901 en datos Tecator, superando a WPCA (0.860), FPCA k-means (0.849) y B-spline k-means (0.320)",no declarada explícitamente en el extracto leído,7
471,dang_smoothem_2025,"Dang, H.; Cremona, M.A.; Chiaromonte, F.",2025,B-spline,ambos,índice de olas de calor (EE.UU.) y consumo eléctrico (Irlanda),"error L2, tasa de falsos negativos (FNR) y falsos positivos (FPR) en identificación de picos","propone smoothEM, que combina EM con suavizado penalizado iterativo para identificar picos y estimar la componente suave simultáneamente, superando a RWSS-GCV y mgcv-AS",no confirmado en el extracto revisado,7
1420,linshang_nonstationary_2025,"Lin Shang, H.; Yang, Y.",2025,empírica (FPCA estática y dinámica),reales,mortalidad por edad en Suecia,"RMSPE, MAPE, interval score, probabilidad de cobertura empírica",propone un modelo FPCA dinámico de dos etapas con pesos geométricamente decrecientes que mejora la precisión de pronóstico de mortalidad especialmente para series masculinas más volátiles frente al enfoque estático,no declarada explícitamente,3
58,magistris_adaptive_2025,"Magistris, A.D.; Romano, E.; Campagna, R.",2025,P-spline (B-spline cúbico penalizado con nudos libres/adaptativos),simulados y reales,metodológico/simulación + datos reales (dominio específico no confirmado en el extracto revisado),"AMSE, GCV, ISSE, número de condición, SSE","Propone P-splines con nudos libres adaptativos seleccionados por número de condición (no por back-deletion), logrando mejor estabilidad numérica y ajuste con similar o menor número de nudos que métodos previos.",no confirmado en el extracto revisado,8
1118,rodriguezcuadro_study_2025,"Rodríguez Cuadro, D.; Pérez-Plaza, S.; Castaño-Martínez, A.; Fernández-Palacín, F.",2025,P-spline,reales,"mercado bursátil colombiano (BVC), 26 empresas","correlación funcional, varianza explicada FPCA (85.8/6.8/3.2/1.4%), MSE","correlación funcional BVC-Brent pasa de -0.058 (completo) a 0.92-0.96 en crisis (COVID-19, guerra Ucrania); FPCA+clustering identifica 3 grupos de empresas","la elección del número de clusters es subjetiva, dado el carácter descriptivo de la técnica",6
2414,sartini_bayesian_2025,"Sartini, Joseph; Zeger, Scott; Crainiceanu, Ciprian",2025,B-spline (ortogonalizado),simulados y reales,crecimiento infantil (estudio CONTENT),"validez de inferencia, precisión de estimación, tiempo de cómputo","MSFAST produce inferencias bayesianas válidas y estimaciones precisas de FPCs multivariantes dispersas, especialmente en regímenes de baja señal-ruido.","no declarada como limitación única; se listan preguntas abiertas (generalización a datos no gaussianos, estimación de K, garantías teóricas de convergencia)",7
177,tao_integrated_2025,"Tao, W.; Joshi, S.; Whitaker, R.",2025,"otra (expansión de kernel bayesiana no paramétrica, no una familia clásica fija)",ambos (simulación extensiva + datos reales biomédicos y oceanográficos),"datos oceanográficos (Argo floats), biomédicos","precisión de estimación de covarianza, selección de dimensionalidad","BSFDA selecciona automáticamente dimensión y funciones de base, superando técnicas convencionales con datos irregulares/dispersos",enfoques existentes requieren imponer rejillas artificiales; el método aún deja margen de mejora declarado por los autores,8
359,burkotova_efficient_2026,"Burkotová, J.; Pavlů, I.; Nassar, H.; Machalová, J.; Hron, K.",2026,"B-spline (variante especializada ""ZB-spline"", ortogonalizada como ""ZB-splinet"")",reales,distribución de edad poblacional por municipio en Alta Austria (más un ejemplo geológico),"varianza explicada (56.8%/48.0%), número de elementos no-cero de matrices (eficiencia), soporte local",La base ZB-splinet logra la misma varianza explicada en FPCA que otros métodos de ortogonalización pero con mayor eficiencia computacional y soporte más local,no declarada explícitamente en el extracto leído,7
72,dacruz_fast_2026,"da Cruz, A.C.; P. E. de Souza, C.; T. O. Sousa, P.H.; I. Kinsey, S.",2026,"no confirmado en el extracto revisado (el marco general menciona Fourier/B-splines, pero la familia usada en las aplicaciones concretas no se confirmó en el texto leído)",simulados y reales,"motocicleta (ingeniería), LIDAR, clima de Canadá","R² ajustado (comparado con splines de regresión/suavizado, LASSO, LASSO bayesiano); tiempo de cómputo","Método bayesiano VEM para selección de bases con errores correlacionados, tan preciso como MCMC pero miles de veces más rápido; R² ajustado comparable o superior a splines/LASSO en datos reales.",no confirmado en el extracto revisado,8
1731,yu_mapping_2026,"Yu, M.; Sibbertsen, P.",2026,empírica (FPCA sobre componentes STL),reales,precios de electricidad en seis países,proporción de varianza explicada por componente,"Combinan STL y FPCA para comparar patrones estacionales de precios de electricidad entre seis países con distintos diseños de mercado, encontrando que el primer componente principal captura la mayoría de la variación (84-99%).",uso de distintos indicadores de precio (mayorista vs. tarifas reguladas) según disponibilidad de datos entre mercados,6
