id,title_short,decision,reason_code,confidence,rationale,extracto_truncado_relevante
2406,Efficient Bayesian hierarchical functional data analysis with basis function approximations using Gaussian-Wisha,include,none,alta,Metodos bayesianos de aproximacion por funciones base y suavizado para FDA; comparacion con BFPCA.,no
2407,Estimation of Functional Principal Components from Sparse Functional Data,include,none,alta,FPCA por expansion en base con MLE; criterio de informacion para numero de bases y rango de covarianza.,no
2408,Efficient spline orthogonal basis for representation of density functions,include,none,alta,"Construccion de base spline ortogonal (ZB-splinets) para FDA/FPCA; compara B-spline, Fourier, wavelets.",no
2409,Splines 'n Lines: Rest-frame galaxy spectral energy distributions via Bayesian functional data analysis,include,none,media,"Marco bayesiano jerarquico para SEDs de galaxias con base B-spline mas lineas; aporte metodologico de base, cuerpo omitido.",si
2410,Sparse Functional Principal Component Analysis in High Dimensions,include,none,alta,FPCA en alta dimension via expansiones en base ortonormal y Karhunen-Loeve; regla de umbral.,no
2411,Compositional splines for representation of density functions,include,none,alta,"Splines composicionales: nueva base spline para densidades en FDA, splines de suavizado, FPCA simplicial.",no
2412,Constrained variable clustering and the best basis problem in functional data analysis,include,none,alta,"Problema de la mejor base en FDA; compara mejor-base wavelet y B-splines, representacion piecewise-constant.",no
2413,Online Functional Principal Component Analysis on a Multidimensional Domain,include,none,alta,FPCA online via tensor product splines penalizados; seleccion dinamica de parametro de suavizado.,no
2414,Bayesian Multivariate Sparse Functional Principal Components Analysis,include,none,alta,FPCA bayesiano multivariante con base spline ortonormal (B-splines ortogonalizadas); discute eleccion de base.,no
2415,Filtrated Common Functional Principal Components for Multivariate Functional data,include,none,media,"FPCA comun filtrada via representacion en base ortonormal; aplicacion neuro, aporte metodologico de base.",si
2416,Functional principal component analysis with informative observation times,include,none,alta,FPCA con tiempos de observacion informativos via splines penalizados ponderados.,no
2417,Penalized Spline M-Estimators for Discretely Sampled Functional Data: Existence and Asymptotics,include,none,alta,"M-estimadores spline penalizados para datos funcionales discretos; regimenes de nudos, numero de bases.",no
2418,Inference for Model Misspecification in Interest Rate Term Structure using Functional Principal Component Analysis,include,none,alta,FPCA en tasas de interes; compara base Nelson-Siegel vs base FPC data-driven; eventos raros (PR4+PR5).,no
2419,Distribution of a Non-parametric Wavelet-based Statistic for Functional Data,include,none,alta,Estadistico no parametrico basado en wavelets para FDA con umbral duro; distribucion analitica.,no
2421,Bayesian Functional Data Analysis over Dependent Regions and Its Application for Identification of Differentially,include,none,media,"FDA bayesiano con splines de suavizado sobre regiones dependientes; aplicacion epigenetica, borderline E1/E4.",si
2422,Randomized Spline Trees for Functional Data Classification: Theory and Application to Environmental Time Series,include,none,media,Randomized Spline Trees: parametros B-spline aleatorios; diversidad de base reduce error de generalizacion.,no
2423,Fast Bayesian Basis Selection for Functional Data Representation with Correlated Errors,include,none,alta,"Seleccion bayesiana rapida de funciones base para representacion funcional; compara regression/smoothing splines, LASSO.",no
2424,Wavelet-based estimation in aggregated functional data with positive and correlated errors,include,none,alta,Metodos bayesianos wavelet para datos funcionales agregados; wavelets vs splines para discontinuidades/picos.,no
2425,Splinets -- Orthogonal Splines and FDA for the Classification Problem,include,none,alta,"Bases spline ortogonales (splinets) para FDA; seleccion de nudos data-driven, ortonormalizacion de B-splines.",no
2428,Wavelet-Based Bayesian Hierarchical Modeling with Regularized Horseshoe Priors for Spatially Correlated Functiona,include,none,alta,"Modelado bayesiano wavelet para datos funcionales espaciales; wavelet vs spline para picos (PM10 Mexico, PR4+PR5).",no
2429,Functional Random Forest with Adaptive Cost-Sensitive Splitting for Imbalanced Functional Data Classification,exclude,E1,media,"Random Forest funcional para clasificacion desbalanceada; usa base/FPCA solo como reduccion de dimension, aporte es el desbalance.",si
2430,BAMIFun: Bayesian Multiple Imputation for Functional Data,include,none,media,Imputacion multiple bayesiana para datos funcionales; usa FPCA + representacion spline penalizada para suavidad.,si
2431,Flexible joint models for multivariate longitudinal and time-to-event data using multivariate functional princip,include,none,media,"Modelos conjuntos con MFPC para efectos aleatorios; compara base MFPC vs P-splines, numero de componentes.",si
2432,BFDA: A Matlab Toolbox for Bayesian Functional Data Analysis,include,none,media,Toolbox MATLAB para FDA bayesiano; aproximacion por base B-spline cubica para datos de alta dimension.,no
2433,Wavelet Functional Data Analysis for FANOVA Models under Dependent Errors,include,none,alta,"FDA con wavelets para modelos FANOVA con errores dependientes; estimador wavelet no lineal, seleccion de umbral.",no
2434,"Splinets -- splines through the Taylor expansion, their support sets and orthogonal bases",include,none,alta,Splinets: bases spline ortonormales via expansion de Taylor y ortogonalizacion diadica de B-splines para FDA.,no
2435,Object-Oriented Software for Functional Data,include,none,media,"Paquete R funData; representacion en base (splines o Fourier) de datos funcionales, base para MFPCA.",no
2436,A Wavelet-Based Independence Test for Functional Data with an Application to MEG Functional Connectivity,include,none,alta,"Test de independencia para datos funcionales; nuevo metodo de umbral wavelet para pre-suavizado, kernels Besov.",no
2437,Simulation studies to compare bayesian wavelet shrinkage methods in aggregated functional data,include,none,alta,Compara cinco metodos bayesianos de shrinkage wavelet en datos funcionales agregados; compara con B-splines.,no
2438,Mixtures of Spatial Spline Regressions,include,none,media,"Extiende FDA a superficies via base spline bivariada; clustering por mezclas, survey de bases B-spline/Fourier.",si
2439,FunctionalCalibration: an R package for estimation in aggregated functional data model,include,none,media,Paquete R; estima curvas individuales via expansion en base spline o wavelet; compara para features locales.,no
2440,Functional Data Analysis by Matrix Completion,include,none,alta,"Separa variacion suave y rugosa en FDA; suavizado+PCA las confunden, FPCAs separadas por escala (PR2+PR4).",no
2441,Fast Bivariate Penalized Splines: the Sandwich Smoother,include,none,alta,"P-splines bivariados rapidos; GCV para seleccion de parametro de suavizado, estimacion de covarianza en FDA.",no
2442,Ultra-efficient MCMC for Bayesian longitudinal functional data analysis,include,none,media,MCMC eficiente para FDA longitudinal bayesiano; reparametrizacion de base ortogonalizada central al algoritmo.,si
2443,Fast Covariance Estimation for Sparse Functional Data,include,none,alta,Estimacion de covarianza para datos funcionales dispersos via splines penalizados; CV leave-one-subject-out.,no
2444,Efficient Covariance Estimation for Sparsified Functional Data,include,none,alta,Estimadores de covarianza random-knots y B-spline para datos sparsificados; AIC para numero de eigenfunciones.,no
2445,Bayesian mixtures of spatial spline regressions,include,none,media,"Mezclas bayesianas de regresiones spline espaciales; base spline Nodal, clustering de superficies (MNIST).",si
2446,Wavelet estimation of the dimensionality of curve time series,include,none,alta,"Estimacion wavelet de la dimensionalidad de series de curvas; base wavelet + bootstrap, series financieras/energia (PR3+PR4+PR5).",no
2447,Compositional Periodic Spline Approximation for Circular Density Data in Bayes Spaces,include,none,media,"Splines periodicas composicionales para densidades circulares; splines de suavizado y penalizadas, formulaciones matriciales.",no
2448,Bivariate Densities in Bayes Spaces: Orthogonal Decomposition and Spline Representation,include,none,media,"Representacion B-spline para densidades bivariadas en espacios de Bayes; descomposicion ortogonal, perspectiva FDA.",no
2449,Benchmarking time series classification -- Functional data vs machine learning approaches,include,none,media,"Benchmark de clasificacion: FDA vs ML; compara representaciones en base (Fourier, wavelet, FPCA, bsignal) - PR4/C4.",si
2450,Bayesian Change Point Detection for Functional Data,include,none,media,"Deteccion bayesiana de cambios en datos funcionales via DWT; priors sobre coeficientes wavelet, cambio climatico.",si
2451,Bayesian local clustering of functional data via semi-Markovian random partitions,include,none,media,"Clustering local bayesiano; explota soporte local de bases B-spline, particiones semi-markovianas (mareas Venecia).",si
2452,Reconciling Functional Data Regression with Excess Bases,include,none,alta,"Reconcilia regresion funcional con exceso de bases; double-descent, elegir numero de bases mayor que muestra (PR3).",no
2453,Bayesian Nonparametric Detection of Anomalies in Multivariate Functional Data,include,none,media,Deteccion bayesiana de anomalias en datos funcionales; base wavelet con priors Besov para representacion suave y sparse (PR4).,si
2454,On Metrics for Analysis of Functional Data on Geometric Domains,exclude,I1,alta,Metricas de geometria metrica y transporte optimo (Gromov-Hausdorff/Wasserstein) para 'campos'; no aborda representacion en bases ni FPCA.,no
2455,Penalized likelihood estimation of probability density functions using compositional splines,include,none,alta,"Estimacion por maxima verosimilitud penalizada de densidades via splines composicionales (ZB-splines); penalizacion, CV para nudos.",no
2456,Mixed Gaussian Projections for Two-Sample Testing of Functional Data,include,none,alta,"Tests de dos muestras via proyecciones gaussianas mixtas; combina componentes Haar y Fourier (localizado vs oscilatorio), compara FPCA (PR4).",no
2457,Fast Covariance Estimation for Multivariate Sparse Functional Data,include,none,alta,"Estimacion de covarianza para datos funcionales dispersos multivariados via B-splines tensor product; CV para suavizado, FPCA.",no
2458,Bayesian Graphical Models for Multivariate Functional Data,include,none,media,"Modelos graficos bayesianos para datos funcionales; expansiones en base ortogonal, prior hyper-inverse-Wishart-process para kernels.",si
