id,title,authors,year,container,doi,enlace,origen
15,Tensor product splines and functional principal components,"Reiss, P.T.; Xu, M.",2020,Journal of Statistical Planning and Inference,10.1016/j.jspi.2019.10.006,https://www.sciencedirect.com/science/article/pii/S0378375819301132/pdf,manual_access_pool_revisado_usuario
20,Wavelet estimation of the dimensionality of curve time series,"Fonseca, R.V.; Pinheiro, A.",2020,Annals of the Institute of Statistical Mathematics,10.1007/s10463-019-00724-4,https://arxiv.org/pdf/1809.00737,auto_fetch_pool_revisado_usuario
31,Analyzing Electricity Demand in Colombia: A Functional Time Series Approach,"Marín, J.B.; Marulanda, L.M.; Duque, F.V.",2023,International Journal of Energy Economics and Policy,10.32479/ijeep.13728,https://econjournals.com/index.php/ijeep/article/download/13728/7113,auto_fetch_pool_revisado_usuario
45,Analysis of a GPS Network Based on Functional Data Analysis,"Pérez-Plaza, S.; Fernández-Palacín, F.; Berrocoso, M.; Páez, R.; Rosado, B.",2018,Mathematical Geosciences,10.1007/s11004-018-9731-4,http://hdl.handle.net/10498/30217,auto_fetch_pool_revisado_usuario
58,Adaptive Generalized P-Splines for Functional Data: A Statistical Framework via Blockwise GSVD,"Magistris, A.D.; Romano, E.; Campagna, R.",2025,Statistics and Computing,10.1007/s11222-025-10734-3,https://link.springer.com/content/pdf/10.1007/s11222-025-10734-3.pdf,auto_fetch_pool_revisado_usuario
72,Fast Bayesian basis selection for functional data representation with correlated errors,"da Cruz, A.C.; P. E. de Souza, C.; T. O. Sousa, P.H.; I. Kinsey, S.",2026,Computational Statistics,10.1007/s00180-026-01769-9,https://arxiv.org/pdf/2405.20758,auto_fetch_pool_revisado_usuario
74,Bayesian analysis of longitudinal and multidimensional functional data,"Shamshoian, J.; Şentürk, D.; Jeste, S.; Telesca, D.",2022,Biostatistics,10.1093/biostatistics/kxaa041,https://www.ncbi.nlm.nih.gov/pmc/articles/9007445,auto_fetch_pool_revisado_usuario
86,Recovering the underlying trajectory from sparse and irregular longitudinal data,"Nie, Y.; Yang, Y.; Wang, L.; Cao, J.",2022,Canadian Journal of Statistics,10.1002/cjs.11677,https://arxiv.org/pdf/1809.06462,auto_fetch_pool_revisado_usuario
94,"Cross-Validation, Information Theory, or Maximum Likelihood? A Comparison of Tuning Methods for Penalized Splines","Berry, L.N.; Helwig, N.E.",2021,Stats,10.3390/stats4030042,https://www.mdpi.com/2571-905X/4/3/42/pdf?version=1630555722,manual_access_pool_revisado_usuario
131,High-resolution signal recovery via generalized sampling and functional principal component analysis,"Gataric, M.",2021,Advances in Computational Mathematics,10.1007/s10444-021-09908-0,https://arxiv.org/pdf/2002.08724,auto_fetch_pool_revisado_usuario
135,Feature extraction for functional time series: Theory and application to NIR spectroscopy data,"Yang, Y.; Yang, Y.; Shang, H.L.",2022,Journal of Multivariate Analysis,10.1016/j.jmva.2021.104863,https://arxiv.org/pdf/2106.01150,auto_fetch_pool_revisado_usuario
168,A comparison of parameter estimation in function-on-function regression,"Beyaztas, U.; Shang, H.L.",2022,Communications in Statistics: Simulation and Computation,10.1080/03610918.2020.1746340,https://arxiv.org/pdf/2003.06067,auto_fetch_pool_revisado_usuario
177,Integrated Model Selection and Scalability in Functional Data Analysis Through Bayesian Learning,"Tao, W.; Joshi, S.; Whitaker, R.",2025,Algorithms,10.3390/a18050254,https://doi.org/10.3390/a18050254,manual_access_pool_revisado_usuario
191,Empirically Driven Orthonormal Bases for Functional Data Analysis,"Nassar, H.; Podgórski, K.",2021,Lecture Notes in Computational Science and Engineering,10.1007/978-3-030-55874-1_76,https://orbit.dtu.dk/en/publications/f7d00bdd-0fc5-4095-991e-4c68cc00c73a,auto_fetch_pool_revisado_usuario
199,Data driven orthogonal basis selection for functional data analysis,"Basna, R.; Nassar, H.; Podgórski, K.",2022,Journal of Multivariate Analysis,10.1016/j.jmva.2021.104868,https://www.sciencedirect.com/science/article/pii/S0047259X21001469/pdf,manual_access_pool_revisado_usuario
201,Measurement and Analysis of High Frequency Assert Volatility Based on Functional Data Analysis,"Liang, Z.; Weng, F.; Ma, Y.; Xu, Y.; Zhu, M.; Yang, C.",2022,Mathematics,10.3390/math10071140,https://www.mdpi.com/2227-7390/10/7/1140/pdf?version=1648872273,manual_access_pool_revisado_usuario
205,Bayesian adaptive selection of basis functions for functional data representation,"Sousa, P.H.T.O.; de Souza, C.P.E.; Dias, R.",2024,Journal of Applied Statistics,10.1080/02664763.2023.2172143,https://arxiv.org/pdf/2204.03115,auto_fetch_pool_revisado_usuario
239,Splinets – Orthogonal Splines for Functional Data Analysis,"Basna, R.; Nassar, H.; Podgórski, K.",2025,R Journal,10.32614/RJ-2024-034,https://doi.org/10.32614/rj-2024-034,auto_fetch_pool_revisado_usuario
270,Flexible functional data smoothing and optimization using beta spline,"Amir, W.A.F.W.; Misro, M.Y.; Mohd, M.H.",2024,AIMS Mathematics,10.3934/math.20241126,http://www.aimspress.com/aimspress-data/math/2024/9/PDF/math-09-09-1126.pdf,auto_fetch_pool_revisado_usuario
288,Spline-based methods for functional data on multivariate domains,"Basna, R.; Nassar, H.; Podgórski, K.",2024,Journal of Mathematics in Industry,10.1186/s13362-024-00153-w,https://mathematicsinindustry.springeropen.com/counter/pdf/10.1186/s13362-024-00153-w,auto_fetch_pool_revisado_usuario
300,Joint Component Estimation for Electricity Price Forecasting Using Functional Models,"Lisi, F.; Shah, I.",2024,Energies,10.3390/en17143461,https://doi.org/10.3390/en17143461,manual_access_pool_revisado_usuario
304,Unsupervised curve clustering using wavelets,"Amato, U.; Antoniadis, A.; De Feis, I.; Gijbels, I.",2025,Advances in Data Analysis and Classification,10.1007/s11634-024-00612-7,https://lirias.kuleuven.be/retrieve/d7a3ef80-7445-4460-a51a-b334b14aa3ce,auto_fetch_pool_revisado_usuario
348,FACTOR-AUGMENTED MODEL FOR FUNCTIONAL DATA,"Gao, Y.; Shang, H.L.; Yang, Y.",2024,Statistica Sinica,10.5705/ss.202021.0223,http://arxiv.org/pdf/2203.04602,auto_fetch_pool_revisado_usuario
359,Efficient spline orthogonal basis for representation of density functions,"Burkotová, J.; Pavlů, I.; Nassar, H.; Machalová, J.; Hron, K.",2026,Journal of Applied Statistics,10.1080/02664763.2025.2532621,https://doi.org/10.1080/02664763.2025.2532621,manual_access_pool_revisado_usuario
408,Contagion Patterns Classification in Stock Indices: A Functional Clustering Analysis Using Decision Trees,"Razo-De-Anda, J.O.; Romero-Castro, L.L.; Venegas-Martínez, F.",2023,Mathematics,10.3390/math11132961,https://www.mdpi.com/2227-7390/11/13/2961/pdf?version=1688373884,manual_access_pool_revisado_usuario
432,Fast symmetric additive covariance smoothing,"Cederbaum, J.; Scheipl, F.; Greven, S.",2018,Computational Statistics and Data Analysis,10.1016/j.csda.2017.11.002,https://arxiv.org/pdf/1609.07007,auto_fetch_pool_revisado_usuario
471,smoothEM: A new approach for the simultaneous assessment of smooth patterns and spikes,"Dang, H.; Cremona, M.A.; Chiaromonte, F.",2025,Electronic Journal of Statistics,10.1214/25-EJS2428,https://doi.org/10.1214/25-ejs2428,manual_access_pool_revisado_usuario
534,Comparative study of different B-spline approaches for functional data,"Aguilera, A.M.; Aguilera-Morillo, M.C.",2013,Mathematical and Computer Modelling,10.1016/j.mcm.2013.04.007,https://www.sciencedirect.com/science/article/pii/S0895717713001775/pdf,manual_access_pool_revisado_usuario
572,Efficient Bayesian hierarchical functional data analysis with basis function approximations using Gaussian–Wishart processes,"Yang, J.; Cox, D.D.; Lee, J.S.; Ren, P.; Choi, T.",2017,Biometrics,10.1111/biom.12705,https://www.ncbi.nlm.nih.gov/pmc/articles/5634932,manual_access_pool_revisado_usuario
658,A Bayesian model for sparse functional data,"Thompson, W.K.; Rosen, O.",2008,Biometrics,10.1111/j.1541-0420.2007.00829.x,https://www.ncbi.nlm.nih.gov/pmc/articles/5598470,manual_access_pool_revisado_usuario
667,Stochastic functional data analysis: A diffusion model-based approach,"Zhu, B.; Song, P.X.-K.; Taylor, J.M.",2011,Biometrics,10.1111/j.1541-0420.2011.01591.x,https://hdl.handle.net/2027.42/89505,manual_access_pool_revisado_usuario
725,Sparse functional principal component analysis via regularized basis expansions and its application,"Kayano, M.; Konishi, S.",2010,Communications in Statistics: Simulation and Computation,10.1080/03610918.2010.491586,https://catalog.lib.kyushu-u.ac.jp/opac_download_md/14687/MI2009-19.pdf,auto_fetch_pool_revisado_usuario
758,Functional principal component analysis via regularized Gaussian basis expansions and its application to unbalanced data,"Kayano, M.; Konishi, S.",2009,Journal of Statistical Planning and Inference,10.1016/j.jspi.2008.11.002,https://catalog.lib.kyushu-u.ac.jp/opac_download_md/8726/2007-18.pdf,auto_fetch_pool_revisado_usuario
769,Linear transformations and the k-means clustering algorithm: Applications to clustering curves,"Tarpey, T.",2007,American Statistician,10.1198/000313007X171016,https://www.ncbi.nlm.nih.gov/pmc/articles/1828125,manual_access_pool_revisado_usuario
804,Localized Functional Principal Component Analysis,"Chen, K.; Lei, J.",2015,Journal of the American Statistical Association,10.1080/01621459.2015.1016225,https://www.ncbi.nlm.nih.gov/pmc/articles/4721272,manual_access_pool_revisado_usuario
872,Spline and Wavelet Smoothing Techniques for Functional Data,"Eslami, M.M.",2024,ACM International Conference Proceeding Series,10.1145/3694875.3694882,https://doi.org/10.1145/3694875.3694882,manual_access_pool_revisado_usuario
901,Applications of functional data analysis: A systematic review,"Ullah, S.; Finch, C.F.",2013,BMC Medical Research Methodology,10.1186/1471-2288-13-43,https://bmcmedresmethodol.biomedcentral.com/counter/pdf/10.1186/1471-2288-13-43,auto_fetch_pool_revisado_usuario
938,Smoothing and differentiation of kinematic data using functional data analysis approach: An application of automatic and subjective methods,"Zin, M.A.M.; Rambely, A.S.; Ariff, N.M.; Ariffin, M.S.",2020,Applied Sciences (Switzerland),10.3390/app10072493,https://www.mdpi.com/2076-3417/10/7/2493/pdf?version=1586655006,manual_access_pool_revisado_usuario
958,Utilizing BIC for the intelligent selection of functional data with principal components,"Yu, Z.; Chai, X.",2024,Journal of Physics: Conference Series,10.1088/1742-6596/2898/1/012011,https://doi.org/10.1088/1742-6596/2898/1/012011,auto_fetch_pool_revisado_usuario
959,Exploring functional data analysis and wavelet principal component analysis on ecstasy (MDMA) wastewater data,"Salvatore, S.; Bramness, Jø.G.; Røislien, J.",2016,BMC Medical Research Methodology,10.1186/s12874-016-0179-2,https://bmcmedresmethodol.biomedcentral.com/track/pdf/10.1186/s12874-016-0179-2,auto_fetch_pool_revisado_usuario
1044,Region-based association test for familial data under functional linear models,"Svishcheva, G.R.; Belonogova, N.M.; Axenovich, T.I.",2015,PLoS ONE,10.1371/journal.pone.0128999,https://journals.plos.org/plosone/article/file?id=10.1371/journal.pone.0128999&type=printable,auto_fetch_pool_revisado_usuario
1081,Functional Data Approach for Short-Term Electricity Demand Forecasting,"Shah, I.; Jan, F.; Ali, S.",2022,Mathematical Problems in Engineering,10.1155/2022/6709779,https://downloads.hindawi.com/journals/mpe/2022/6709779.pdf,manual_access_pool_revisado_usuario
1102,Monitoring panels of sparse functional data,"Kutta, T.; Jach, A.; Kokoszka, P.",2026,Journal of Time Series Analysis,10.1111/jtsa.12796,https://onlinelibrary.wiley.com/doi/pdfdirect/10.1111/jtsa.12796,manual_access_pool_revisado_usuario
1118,A Study of the Colombian Stock Market with Multivariate Functional Data Analysis (FDA),"Rodríguez Cuadro, D.; Pérez-Plaza, S.; Castaño-Martínez, A.; Fernández-Palacín, F.",2025,Mathematics,10.3390/math13050858,https://doi.org/10.3390/math13050858,manual_access_pool_revisado_usuario
1169,Reexamining Spatiotemporal Disparities of Financial Development in China Based on Functional Data Analysis,"Wang, D.; Ye, T.; Tian, S.; Wang, X.",2021,Mathematical Problems in Engineering,10.1155/2021/5539035,https://downloads.hindawi.com/journals/mpe/2021/5539035.pdf,manual_access_pool_revisado_usuario
1171,Construction of Development Momentum Index of Financial Technology by Principal Component Analysis in the Era of Digital Economy,"Li, B.; Gui, X.; Zhou, Q.",2022,Computational Intelligence and Neuroscience,10.1155/2022/2244960,https://downloads.hindawi.com/journals/cin/2022/2244960.pdf,manual_access_pool_revisado_usuario
1183,Functional Linear Regression: Dependence and Error Contamination,"Chen, C.; Guo, S.; Qiao, X.",2022,Journal of Business and Economic Statistics,10.1080/07350015.2020.1832503,https://researchonline.lse.ac.uk/id/eprint/114636/1/Functional_Linear_Regression._Dependence_and_Error.pdf,manual_access_pool_revisado_usuario
1198,Comparing risk profiles of international stock markets as functional data: COVID-19 versus the global financial crisis,"Shackleton, R.L.; Das, S.; Gupta, R.",2024,Applied Stochastic Models in Business and Industry,10.1002/asmb.2879,https://doi.org/10.1002/asmb.2879,manual_access_pool_revisado_usuario
1232,Forecasting u.S. aggregate stock market excess return: Do functional data analysis add economic value?,"Caldeira, J.F.; Gupta, R.; Torrent, H.S.",2020,Mathematics,10.3390/math8112042,https://doi.org/10.3390/math8112042,manual_access_pool_revisado_usuario
1354,Describing the concentration of income populations by functional principal component analysis on Lorenz curves,"Bongiorno, E.G.; Goia, A.",2019,Journal of Multivariate Analysis,10.1016/j.jmva.2018.09.005,https://www.sciencedirect.com/science/article/pii/S0047259X17304827/pdf,manual_access_pool_revisado_usuario
1358,Intraday volatility analysis of CSI 300 index futures: a dependent functional data method,"Wang, D.; Su, Z.; Li, Q.",2023,Economic Research-Ekonomska Istrazivanja,10.1080/1331677X.2022.2076144,https://www.tandfonline.com/doi/pdf/10.1080/1331677X.2022.2076144?needAccess=true,manual_access_pool_revisado_usuario
1373,Functional arch and garch models: A yule-walker approach,"Kühnert, S.",2020,Electronic Journal of Statistics,10.1214/20-EJS1778,https://doi.org/10.1214/20-ejs1778,manual_access_pool_revisado_usuario
1377,The effect of global crises on stock market correlations: Evidence from scalar regressions via functional data analysis,"Das, S.; Demirer, R.; Gupta, R.; Mangisa, S.",2019,Structural Change and Economic Dynamics,10.1016/j.strueco.2019.05.007,https://repository.up.ac.za/bitstream/2263/70743/1/Das_Effect_2019.pdf,auto_fetch_pool_revisado_usuario
1382,Intraday Functional PCA Forecasting of Cryptocurrency Returns,"Jasiak, J.; Zhong, C.",2026,Journal of Forecasting,10.1002/for.70127,https://doi.org/10.1002/for.70127,manual_access_pool_revisado_usuario
1405,Identifying the Dynamic Influence of Economic Policy Uncertainty on Enterprise Investment Using Functional Data Analysis,"Wang, D.; Liu, T.; Li, X.; Huang, Y.; Zhou, Y.",2022,Mathematical Problems in Engineering,10.1155/2022/7822710,https://downloads.hindawi.com/journals/mpe/2022/7822710.pdf,manual_access_pool_revisado_usuario
1420,Nonstationary Functional Time Series Forecasting,"Lin Shang, H.; Yang, Y.",2025,Journal of Forecasting,10.1002/for.3241,http://arxiv.org/pdf/2411.12423,auto_fetch_pool_revisado_usuario
1421,Functional Mixed-type Clustering of Investors' Daily Returns During a Market Shock Change-point and Recovery,"Thompson, J.R.J.; Davison, M.",2024,ICAIF 2024 - 5th ACM International Conference on AI in Finance,10.1145/3677052.3698633,https://doi.org/10.1145/3677052.3698633,manual_access_pool_revisado_usuario
1460,A review study of functional autoregressive models with application to energy forecasting,"Chen, Y.; Koch, T.; Lim, K.G.; Xu, X.; Zakiyeva, N.",2021,Wiley Interdisciplinary Reviews: Computational Statistics,10.1002/wics.1525,https://ink.library.smu.edu.sg/lkcsb_research/6688,manual_access_pool_revisado_usuario
1494,"Trading signal, functional data analysis and time series momentum","Boubaker, S.; Liu, Z.; Lu, S.; Zhang, Y.",2021,Finance Research Letters,10.1016/j.frl.2021.101933,https://hal.science/hal-03323675/document,manual_access_pool_revisado_usuario
1543,Analysis of non-stationary dynamics in the financial system,"Guharay, S.K.; Thakur, G.S.; Goodman, F.J.; Rosen, S.L.; Houser, D.",2013,Economics Letters,10.1016/j.econlet.2013.09.026,https://papers.ssrn.com/sol3/papers.cfm?abstract_id=2467927,manual_access_pool_revisado_usuario
1562,Functional Generalized Autoregressive Conditional Heteroskedasticity,"Aue, A.; Horváth, L.; Pellatt, D.F.",2017,Journal of Time Series Analysis,10.1111/jtsa.12192,https://arxiv.org/pdf/1509.03813,auto_fetch_pool_revisado_usuario
1694,Functional principal components analysis of shanghai stock exchange 50 index,"Wang, Z.; Sun, Y.; Li, P.",2014,Discrete Dynamics in Nature and Society,10.1155/2014/365204,https://downloads.hindawi.com/journals/ddns/2014/365204.pdf,manual_access_pool_revisado_usuario
1731,Mapping price dynamics across electricity market designs: A functional data approach with STL decomposition,"Yu, M.; Sibbertsen, P.",2026,Applied Energy,10.1016/j.apenergy.2026.127390,https://doi.org/10.1016/j.apenergy.2026.127390,manual_access_pool_revisado_usuario
1799,Dynamic functional time-series forecasts of foreign exchange implied volatility surfaces,"Shang, H.L.; Kearney, F.",2022,International Journal of Forecasting,10.1016/j.ijforecast.2021.07.011,https://arxiv.org/pdf/2107.14026,auto_fetch_pool_revisado_usuario
1814,Forecasting High-Dimensional Financial Functional Time Series: An Application to Constituent Stocks in Dow Jones Index,"Tang, C.; Shi, Y.",2021,Journal of Risk and Financial Management,10.3390/jrfm14080343,https://www.mdpi.com/1911-8074/14/8/343/pdf,manual_access_pool_revisado_usuario
1818,Forecasting stock index futures intraday returns: Functional time series model,"Fu, Y.; Su, Z.; Xu, B.; Zhou, Y.",2020,Journal of Advanced Computational Intelligence and Intelligent Informatics,10.20965/jaciii.2020.p0265,https://doi.org/10.20965/jaciii.2020.p0265,auto_fetch_pool_revisado_usuario
1836,Advancing Economic Forecasting With Hybrid Time Series and Functional Models: Evidence From Electricity Demand Data,"Jan, F.; Iftikhar, H.; Gul, N.; Rodrigues, P.C.; Shah, S.; Rehman, M.Z.",2025,IEEE Access,10.1109/ACCESS.2025.3631725,https://doi.org/10.1109/access.2025.3631725,manual_access_pool_revisado_usuario
1837,Exploring volatility of crude oil intraday return curves: A functional GARCH-X model,"Rice, G.; Wirjanto, T.; Zhao, Y.",2023,Journal of Commodity Markets,10.1016/j.jcomm.2023.100361,https://doi.org/10.1016/j.jcomm.2023.100361,manual_access_pool_revisado_usuario
1840,A functional time series analysis of forward curves derived from commodity futures,"Horváth, L.; Liu, Z.; Rice, G.; Wang, S.",2020,International Journal of Forecasting,10.1016/j.ijforecast.2019.08.003,https://centaur.reading.ac.uk/85666/1/Manuscript.pdf,auto_fetch_pool_revisado_usuario
1849,The dynamics of economic functions: Modeling and forecasting the yield curve,"Bowsher, C.G.; Meeks, R.",2008,Journal of the American Statistical Association,10.1198/016214508000000922,https://doi.org/10.24149/wp0804,auto_fetch_pool_revisado_usuario
1939,Functional data analysis by matrix completion,"Descary, Marie-Hélène; Panaretos, Victor M.",2019,The Annals of Statistics,10.1214/17-AOS1590,https://arxiv.org/pdf/1609.00834,auto_fetch_pool_revisado_usuario
2049,Functional horseshoe smoothing for functional trend estimation,"Wakayama, Tomoya; Sugasawa, Shonosuke",2024,Statistica Sinica,10.5705/ss.202022.0297,https://doi.org/10.5705/ss.202022.0297,manual_access_pool_revisado_usuario
2118,Functional data analysis.,"Ramsay, J. O.; Silverman, B. W.",2005,,10.1007/b98888,https://link.springer.com/content/pdf/bfm:978-0-387-22751-1/1?pdf=chapter%20toc,auto_fetch_pool_revisado_usuario
2273,Functional approach to analysis of daily tax revenues,"Gudan, Jovita; Račkauskas, Alfredas",2019,Lietuvos Matematikos Rinkinys. Proceedings of the Lithuanian Mathematical Society. Series A,10.15388/LMR.A.2019.14948,https://doi.org/10.15388/lmr.a.2019.14948,auto_fetch_pool_revisado_usuario
2410,Sparse Functional Principal Component Analysis in High Dimensions,"Hu, Xiaoyu; Yao, Fang",2020,,,https://arxiv.org/abs/2011.00959v2,auto_fetch_pool_revisado_usuario
2413,Online Functional Principal Component Analysis on a Multidimensional Domain,"Nanshan, Muye; Zhang, Nan; Cao, Jiguo",2025,,,https://arxiv.org/abs/2505.02131v1,auto_fetch_pool_revisado_usuario
2414,Bayesian Multivariate Sparse Functional Principal Components Analysis,"Sartini, Joseph; Zeger, Scott; Crainiceanu, Ciprian",2025,,,https://arxiv.org/abs/2509.03512v3,auto_fetch_pool_revisado_usuario
2415,Filtrated Common Functional Principal Components for Multivariate Functional data,"Jiao, Shuhao; Frostig, Ron D.; Ombao, Hernando",2021,,,https://arxiv.org/abs/2106.01104v3,auto_fetch_pool_revisado_usuario
2423,Fast Bayesian Basis Selection for Functional Data Representation with Correlated Errors,"Cruz, Ana Carolina da; Souza, Camila P. E. de; Sousa, Pedro H. T. O.",2024,,,https://arxiv.org/abs/2405.20758v4,auto_fetch_pool_revisado_usuario
2434,"Splinets -- splines through the Taylor expansion, their support sets and orthogonal bases","Podgórski, Krzysztof",2021,,,https://arxiv.org/abs/2102.00733v2,auto_fetch_pool_revisado_usuario
2440,Functional Data Analysis by Matrix Completion,"Descary, Marie-Hélène; Panaretos, Victor M.",2016,,,https://arxiv.org/abs/1609.00834v2,auto_fetch_pool_revisado_usuario
2452,Reconciling Functional Data Regression with Excess Bases,"Wakayama, Tomoya; Matsui, Hidetoshi",2023,,,https://arxiv.org/abs/2308.01724v2,auto_fetch_pool_revisado_usuario
2475,Sufficient conditions for proper posteriors in fully-Bayesian Functional PCA,"Sartini, Joseph; Zeger, Scott; Crainiceanu, Ciprian",2026,,,https://arxiv.org/abs/2604.06146v2,auto_fetch_pool_revisado_usuario
2505,Cosine Series Representation,"Chung, Moo K.",2021,,,https://arxiv.org/abs/2102.03411v2,auto_fetch_pool_revisado_usuario
2514,Recovering the Underlying Trajectory from Sparse and Irregular Longitudinal Data,"Nie, Yunlong; Yang, Yuping; Cao, JIguo",2018,,,https://arxiv.org/abs/1809.06462v1,auto_fetch_pool_revisado_usuario
2546,smoothEM: a new approach for the simultaneous assessment of smooth patterns and spikes,"Dang, Huy; Cremona, Marzia; Chiaromonte, Francesca",2022,,,https://arxiv.org/abs/2206.05718v5,auto_fetch_pool_revisado_usuario
2558,Enhanced Change-Point Detection in Functional Means,"Jiao, Shuhao; Chan, Ngai-Hang; Yau, Chun-Yip",2022,,,https://arxiv.org/abs/2205.04299v4,auto_fetch_pool_revisado_usuario
2565,Functional Horseshoe Smoothing for Functional Trend Estimation,"Wakayama, Tomoya; Sugasawa, Shonosuke",2022,,,https://arxiv.org/abs/2204.09898v2,auto_fetch_pool_revisado_usuario
2573,Semiparametric Functional Factor Models with Bayesian Rank Selection,"Kowal, Daniel R.; Canale, Antonio",2021,,,https://arxiv.org/abs/2108.02151v3,auto_fetch_pool_revisado_usuario
2617,Dynamic Functional Principal Component,"Hörmann, Siegfried; Kidziński, Łukasz; Hallin, Marc",2012,,,https://arxiv.org/abs/1210.7192v5,auto_fetch_pool_revisado_usuario
2630,Noise reduction for functional time series,"Diks, Cees; Wouters, Bram",2023,,,https://arxiv.org/abs/2307.02154v1,auto_fetch_pool_revisado_usuario
